Niche,Macro_Category,Tender_Count,Unique_Buyers,Source_Count,Country_Count,Median_Lean_Fit,Recent_12m_Share_Pct,AI_Leverage,Subcontractability,Remote_Feasibility,Low_Entry_Burden,Low_Execution_Pain,Margin_Potential,Repeat_Tenders,Repeat_Buyers,Repeat_Tender_Share_Pct,Volume_Pct,Buyer_Breadth_Pct,Repeat_Pct,Recency_Pct,Lean_Pct,Discovery_Score,Easy_Money_Proxy,AI_Leverage_Score,Middleman_Proxy,Score_Contract,Derived_Status
Geotechnical investigations & studies,FIELD_SUBCONTRACT,1180,716,7,12,70.0,22.88135593220339,0.28,0.99,0.38,0.34,0.44,0.86,440,93,37.28813559322034,100.0,100.0,83.33333333333334,10.0,73.33333333333333,79.56666666666666,68.91333333333334,52.705000000000005,83.038,OPEN_WORLD_WAVE2_EMPIRICAL_PLUS_EXPLICIT_HEURISTICS,DERIVED
Procurement / e-sourcing platforms,PROCUREMENT_TECH,1031,253,7,28,20.0,37.73035887487876,0.72,0.86,0.99,0.5,0.6,0.9,769,36,74.58777885548011,96.66666666666667,90.0,96.66666666666667,66.66666666666666,20.0,79.4,82.51666666666667,79.38,80.02799999999999,OPEN_WORLD_WAVE2_EMPIRICAL_PLUS_EXPLICIT_HEURISTICS,DERIVED
Call center / contact center services & platforms,CONTACT_CENTER,526,266,9,32,20.0,35.17110266159696,0.78,0.96,0.95,0.72,0.68,0.84,244,14,46.38783269961977,93.33333333333333,93.33333333333333,90.0,56.666666666666664,20.0,75.96666666666667,85.72333333333333,79.635,83.986,OPEN_WORLD_WAVE2_EMPIRICAL_PLUS_EXPLICIT_HEURISTICS,DERIVED
Backup / disaster recovery / storage,INFRA_RESALE,418,165,9,45,60.0,39.23444976076555,0.38,0.96,0.88,0.62,0.68,0.8,144,17,34.44976076555024,86.66666666666667,66.66666666666666,80.0,76.66666666666667,46.666666666666664,73.76666666666667,75.80666666666667,61.595,81.662,OPEN_WORLD_WAVE2_EMPIRICAL_PLUS_EXPLICIT_HEURISTICS,DERIVED
LMS / e-learning platforms,LEARNING_TECH,321,214,9,26,60.0,38.940809968847354,0.82,0.9,0.99,0.68,0.72,0.9,70,13,21.806853582554517,80.0,86.66666666666667,56.666666666666664,73.33333333333333,46.666666666666664,71.66666666666666,77.64333333333333,79.9,80.1,OPEN_WORLD_WAVE2_EMPIRICAL_PLUS_EXPLICIT_HEURISTICS,DERIVED
Topographic / land surveying services,FIELD_SUBCONTRACT,439,339,7,12,82.0,29.157175398633257,0.3,0.99,0.34,0.48,0.5,0.84,62,13,14.123006833712983,90.0,96.66666666666667,26.666666666666668,30.0,96.66666666666667,71.13333333333334,61.29333333333333,49.11000000000001,80.696,OPEN_WORLD_WAVE2_EMPIRICAL_PLUS_EXPLICIT_HEURISTICS,DERIVED
Market research / surveys / data collection,RESEARCH_SERVICES,267,204,8,16,70.0,34.831460674157306,0.92,0.96,0.96,0.84,0.82,0.88,40,12,14.9812734082397,76.66666666666667,83.33333333333334,43.333333333333336,53.333333333333336,73.33333333333333,68.80000000000001,78.34666666666666,82.16,82.57600000000001,OPEN_WORLD_WAVE2_EMPIRICAL_PLUS_EXPLICIT_HEURISTICS,DERIVED
Asset management software,ASSET_SOFTWARE,241,185,9,22,40.0,42.738589211618255,0.72,0.88,0.98,0.6,0.66,0.88,36,9,14.937759336099585,66.66666666666666,80.0,40.0,83.33333333333334,43.333333333333336,64.53333333333333,68.8,72.54,75.344,OPEN_WORLD_WAVE2_EMPIRICAL_PLUS_EXPLICIT_HEURISTICS,DERIVED
E-government / electronic administration platforms,GOVTECH,321,33,1,2,60.0,31.775700934579437,0.78,0.86,0.99,0.52,0.62,0.9,289,3,90.03115264797508,80.0,10.0,100.0,43.333333333333336,46.666666666666664,62.63333333333333,66.78999999999999,74.235,73.18599999999999,OPEN_WORLD_WAVE2_EMPIRICAL_PLUS_EXPLICIT_HEURISTICS,DERIVED
Telephony / VoIP / unified communications,TELECOM_RESALE,242,127,9,30,20.0,35.9504132231405,0.28,0.97,0.78,0.64,0.68,0.78,64,11,26.446280991735538,73.33333333333333,53.333333333333336,76.66666666666667,60.0,20.0,61.133333333333326,68.88000000000001,50.41,76.73599999999999,OPEN_WORLD_WAVE2_EMPIRICAL_PLUS_EXPLICIT_HEURISTICS,DERIVED
Document management / ECM / GED,DOCUMENT_SOFTWARE,155,72,7,21,60.0,29.677419354838708,0.86,0.9,0.99,0.7,0.76,0.9,79,5,50.96774193548387,43.333333333333336,36.666666666666664,93.33333333333333,33.33333333333333,46.666666666666664,56.00000000000001,66.55,74.45,73.72,OPEN_WORLD_WAVE2_EMPIRICAL_PLUS_EXPLICIT_HEURISTICS,DERIVED
HR / workforce / time management software,HR_SOFTWARE,163,135,9,15,72.0,38.036809815950924,0.78,0.9,0.99,0.68,0.72,0.9,14,4,8.588957055214724,46.666666666666664,56.666666666666664,20.0,70.0,83.33333333333334,56.0,60.07666666666667,71.25,73.52,OPEN_WORLD_WAVE2_EMPIRICAL_PLUS_EXPLICIT_HEURISTICS,DERIVED
Communications campaigns & public relations,COMMUNICATIONS,240,172,8,22,20.0,26.666666666666668,0.88,0.97,0.98,0.88,0.84,0.88,62,12,25.833333333333332,63.33333333333333,70.0,70.0,16.666666666666664,20.0,55.766666666666666,77.76,74.995,77.88199999999999,OPEN_WORLD_WAVE2_EMPIRICAL_PLUS_EXPLICIT_HEURISTICS,DERIVED
Identity / SSO / access management,IDENTITY_SECURITY,241,150,9,26,60.0,27.385892116182575,0.72,0.88,0.98,0.52,0.62,0.9,50,11,20.74688796680498,66.66666666666666,60.0,50.0,20.0,46.666666666666664,55.4,64.94,68.43,70.908,OPEN_WORLD_WAVE2_EMPIRICAL_PLUS_EXPLICIT_HEURISTICS,DERIVED
CAFM / facilities management software,FACILITY_SOFTWARE,184,115,6,14,60.0,36.95652173913043,0.66,0.9,0.98,0.62,0.68,0.88,27,8,14.673913043478262,50.0,50.0,36.666666666666664,63.33333333333333,46.666666666666664,52.36666666666666,60.20666666666666,64.665,71.194,OPEN_WORLD_WAVE2_EMPIRICAL_PLUS_EXPLICIT_HEURISTICS,DERIVED
Fleet management software & services,FLEET,147,109,7,14,20.0,40.136054421768705,0.62,0.92,0.9,0.66,0.68,0.84,31,4,21.08843537414966,40.0,46.666666666666664,53.333333333333336,80.0,20.0,50.46666666666667,58.92,61.010000000000005,71.156,OPEN_WORLD_WAVE2_EMPIRICAL_PLUS_EXPLICIT_HEURISTICS,DERIVED
Architectural programming / pre-design studies,SPECIALIST_CONSULTING,204,172,1,1,70.0,22.058823529411764,0.52,0.98,0.72,0.38,0.52,0.86,13,3,6.372549019607843,56.666666666666664,70.0,10.0,6.666666666666667,73.33333333333333,48.666666666666664,51.16,53.5,70.08,OPEN_WORLD_WAVE2_EMPIRICAL_PLUS_EXPLICIT_HEURISTICS,DERIVED
Environmental studies / contaminated land / GHG,SPECIALIST_CONSULTING,225,179,9,14,15.0,31.11111111111111,0.48,0.98,0.62,0.36,0.5,0.86,32,9,14.222222222222221,60.0,76.66666666666667,30.0,40.0,0.0,48.00000000000001,53.48666666666666,50.10000000000001,69.60000000000001,OPEN_WORLD_WAVE2_EMPIRICAL_PLUS_EXPLICIT_HEURISTICS,DERIVED
Laboratory / hospital information systems,HEALTH_IT,36,22,4,12,60.0,47.22222222222222,0.62,0.84,0.94,0.3,0.42,0.92,15,2,41.666666666666664,6.666666666666667,3.3333333333333335,86.66666666666667,90.0,46.666666666666664,47.43333333333334,38.9,60.245000000000005,64.042,OPEN_WORLD_WAVE2_EMPIRICAL_PLUS_EXPLICIT_HEURISTICS,DERIVED
Access control / intrusion systems,SECURITY_RESALE,103,71,9,14,15.0,46.601941747572816,0.24,0.98,0.42,0.66,0.62,0.8,23,4,22.33009708737864,33.33333333333333,33.33333333333333,60.0,86.66666666666667,0.0,45.266666666666666,47.953333333333326,36.27,70.852,OPEN_WORLD_WAVE2_EMPIRICAL_PLUS_EXPLICIT_HEURISTICS,DERIVED
Mobile application development,SOFTWARE_SERVICES,110,94,8,14,74.0,26.36363636363636,0.9,0.92,0.99,0.76,0.76,0.92,9,3,8.181818181818182,36.666666666666664,43.333333333333336,16.666666666666664,13.333333333333334,90.0,44.36666666666667,57.07,70.815,70.394,OPEN_WORLD_WAVE2_EMPIRICAL_PLUS_EXPLICIT_HEURISTICS,DERIVED
Structured cabling / network installation,FIELD_SUBCONTRACT,184,150,7,9,15.0,28.26086956521739,0.1,0.99,0.3,0.72,0.58,0.76,31,8,16.847826086956523,50.0,60.0,46.666666666666664,26.666666666666668,0.0,43.2,53.10666666666667,27.94,70.564,OPEN_WORLD_WAVE2_EMPIRICAL_PLUS_EXPLICIT_HEURISTICS,DERIVED
Ticketing / booking / reservation systems,TRANSACTION_SOFTWARE,85,64,9,15,20.0,32.94117647058823,0.76,0.9,0.99,0.64,0.68,0.9,19,4,22.352941176470587,26.666666666666668,26.666666666666668,63.33333333333333,50.0,20.0,42.36666666666667,54.830000000000005,64.315,67.394,OPEN_WORLD_WAVE2_EMPIRICAL_PLUS_EXPLICIT_HEURISTICS,DERIVED
Data migration services,DATA_SERVICES,43,37,6,6,72.0,51.162790697674424,0.9,0.9,0.99,0.66,0.72,0.92,3,1,6.976744186046512,10.0,16.666666666666664,13.333333333333334,96.66666666666667,83.33333333333334,42.333333333333336,43.67,69.89999999999999,67.78,OPEN_WORLD_WAVE2_EMPIRICAL_PLUS_EXPLICIT_HEURISTICS,DERIVED
Press review / clipping services,MONITORING_CONTENT,51,35,4,4,74.0,15.686274509803921,0.96,0.98,0.99,0.92,0.9,0.9,13,3,25.49019607843137,13.333333333333334,13.333333333333334,66.66666666666666,0.0,90.0,41.43333333333333,57.99,71.895,72.842,OPEN_WORLD_WAVE2_EMPIRICAL_PLUS_EXPLICIT_HEURISTICS,DERIVED
Online payments / payment platforms,PAYMENTS,99,82,6,10,15.0,47.474747474747474,0.54,0.88,0.99,0.48,0.56,0.88,9,3,9.090909090909092,30.0,40.0,23.333333333333332,93.33333333333333,0.0,40.0,48.04333333333334,54.45,63.83999999999999,OPEN_WORLD_WAVE2_EMPIRICAL_PLUS_EXPLICIT_HEURISTICS,DERIVED
GIS / geospatial information systems,GEO_SOFTWARE,67,56,8,10,82.0,32.83582089552239,0.78,0.88,0.96,0.54,0.62,0.88,3,1,4.477611940298507,20.0,23.333333333333332,6.666666666666667,46.666666666666664,96.66666666666667,39.7,42.28,63.465,64.314,OPEN_WORLD_WAVE2_EMPIRICAL_PLUS_EXPLICIT_HEURISTICS,DERIVED
Project / portfolio management software,PROJECT_SOFTWARE,28,23,7,10,60.0,57.14285714285714,0.74,0.9,0.99,0.68,0.72,0.88,0,0,0.0,3.3333333333333335,6.666666666666667,0.0,100.0,46.666666666666664,30.8,39.07666666666667,58.31,62.736000000000004,OPEN_WORLD_WAVE2_EMPIRICAL_PLUS_EXPLICIT_HEURISTICS,DERIVED
Social media management & community,COMMUNICATIONS,23,14,6,6,15.0,30.434782608695656,0.94,0.96,0.99,0.92,0.86,0.9,6,1,26.08695652173913,0.0,0.0,73.33333333333333,36.666666666666664,0.0,28.433333333333334,52.92333333333333,65.245,66.62200000000001,OPEN_WORLD_WAVE2_EMPIRICAL_PLUS_EXPLICIT_HEURISTICS,DERIVED
Electronic signature / trust services,TRUST_SERVICES,76,65,7,10,20.0,27.631578947368425,0.62,0.94,0.99,0.72,0.78,0.84,0,0,0.0,23.333333333333332,30.0,0.0,23.333333333333332,20.0,25.43333333333333,49.190000000000005,51.095,62.002,OPEN_WORLD_WAVE2_EMPIRICAL_PLUS_EXPLICIT_HEURISTICS,DERIVED
Citizen engagement / participation platforms,CIVIC_TECH,62,53,7,7,15.0,20.967741935483872,0.82,0.92,0.99,0.78,0.78,0.88,9,3,14.516129032258064,16.666666666666664,20.0,33.33333333333333,3.3333333333333335,0.0,23.5,51.343333333333334,58.22500000000001,61.42999999999999,OPEN_WORLD_WAVE2_EMPIRICAL_PLUS_EXPLICIT_HEURISTICS,DERIVED
