Niche,Warehouse_Source,Country,Tender_Count,Unique_Buyers,Median_Lean_Fit
Transcription / minutes,Germany,Germany,12836,158,90.0
Document digitization / scanning,Germany,Germany,4654,1022,92.0
Brochure / flyer / poster printing,France,France,3289,2047,68.0
Website design / redesign,Canada federal,Canada,2204,160,85.0
Website design / redesign,United Kingdom,United Kingdom,1587,732,85.0
Brochure / flyer / poster printing,Germany,Germany,1526,357,66.0
Website design / redesign,Germany,Germany,1524,394,88.0
Signage / wayfinding / vinyl,France,France,1333,953,15.0
Small IT equipment supply,TED,POL,1290,5,20.0
Signage / wayfinding / vinyl,Belgium,BE,817,421,
Transcription / minutes,Quebec,Canada - Quebec,772,123,90.0
Website design / redesign,TenderNed,Netherlands,736,217,88.0
Brochure / flyer / poster printing,Quebec,Canada - Quebec,601,211,82.0
Website design / redesign,France,France,574,476,88.0
Signage / wayfinding / vinyl,Quebec,Canada - Quebec,572,240,15.0
Transcription / minutes,TenderNed,Netherlands,562,145,90.0
Document digitization / scanning,TenderNed,Netherlands,518,159,92.0
Brochure / flyer / poster printing,TED,ROU,514,2,66.0
Transcription / minutes,United Kingdom,United Kingdom,503,328,88.0
Document digitization / scanning,Quebec,Canada - Quebec,493,216,92.0
Website design / redesign,Belgium,BE,484,280,
Brochure / flyer / poster printing,Belgium,BE,471,269,
Brochure / flyer / poster printing,TenderNed,Netherlands,443,250,66.0
Copywriting / editorial content,Belgium,BE,429,216,
Transcription / minutes,TED,ESP,414,2,90.0
Small IT equipment supply,TED,ROU,408,2,74.0
Transcription / minutes,France,France,396,299,90.0
Document digitization / scanning,France,France,374,291,92.0
Copywriting / editorial content,France,France,362,302,70.0
Document digitization / scanning,TED,NOR,340,3,92.0
Workflow automation / RPA,Quebec,Canada - Quebec,308,22,15.0
Brochure / flyer / poster printing,TED,NOR,298,3,66.0
Website design / redesign,Quebec,Canada - Quebec,291,184,88.0
Small IT equipment supply,TED,CZE,285,4,20.0
Online forms / lightweight portals,TED,POL,279,6,60.0
Online forms / lightweight portals,TED,ESP,278,3,60.0
Small IT equipment supply,TED,PL,259,150,20.0
Copywriting / editorial content,Quebec,Canada - Quebec,247,129,15.0
Small IT equipment supply,Germany,Germany,241,43,15.0
Transcription / minutes,Canada federal,Canada,237,105,88.0
Document digitization / scanning,United Kingdom,United Kingdom,220,156,90.0
Transcription / minutes,TED,ROU,218,4,90.0
Small IT equipment supply,Belgium,BE,214,169,
Graphic design / layout,France,France,214,162,82.0
Small IT equipment supply,United Kingdom,United Kingdom,205,142,15.0
Translation / localization,Belgium,BE,204,153,
Web hosting / domain / SSL,Germany,Germany,196,81,60.0
Online forms / lightweight portals,TED,NOR,183,3,60.0
Document digitization / scanning,TED,SWE,182,2,92.0
Web hosting / domain / SSL,TenderNed,Netherlands,181,106,74.0
Brochure / flyer / poster printing,Ireland,Ireland,179,105,15.0
Document digitization / scanning,TED,ROU,179,1,92.0
Transcription / minutes,TED,NOR,177,3,90.0
Website design / redesign,TED,AUT,173,48,88.0
Website design / redesign,TED,NOR,172,2,88.0
Website design / redesign,TED,CZ,164,4,88.0
Digital marketing / SEO / campaigns,France,France,163,99,15.0
Web hosting / domain / SSL,United Kingdom,United Kingdom,159,127,15.0
Brochure / flyer / poster printing,United Kingdom,United Kingdom,158,121,80.0
Brand identity / visual identity,Belgium,BE,157,110,
Online forms / lightweight portals,United Kingdom,United Kingdom,153,121,15.0
Small IT equipment supply,France,France,146,129,15.0
Small IT equipment supply,TenderNed,Netherlands,145,80,70.0
Signage / wayfinding / vinyl,United Kingdom,United Kingdom,143,115,15.0
E-learning / training content,Germany,Germany,139,20,60.0
Document digitization / scanning,TED,DNK,138,2,92.0
Interpretation services,France,France,138,102,15.0
Document digitization / scanning,TED,AUT,134,67,92.0
Graphic design / layout,Belgium,BE,133,110,
Small IT equipment supply,TED,HUN,131,5,20.0
Transcription / minutes,TED,POL,130,3,90.0
Website design / redesign,Ireland,Ireland,128,94,85.0
Document digitization / scanning,TED,FIN,126,3,92.0
Small IT equipment supply,TED,ITA,121,3,20.0
Small IT equipment supply,Canada federal,Canada,118,42,15.0
Small IT equipment supply,TED,NOR,118,3,60.0
Brochure / flyer / poster printing,TED,RO,116,65,66.0
Web hosting / domain / SSL,Belgium,BE,116,93,
Small IT equipment supply,TED,CZ,115,67,20.0
Small IT equipment supply,Ireland,Ireland,113,43,15.0
Online forms / lightweight portals,Germany,Germany,110,47,60.0
Promotional merchandise / branded items,France,France,101,83,15.0
Online forms / lightweight portals,TED,ISL,100,2,20.0
Document digitization / scanning,TED,CHE,94,1,92.0
Small IT equipment supply,Quebec,Canada - Quebec,91,49,74.0
E-learning / training content,United Kingdom,United Kingdom,91,74,15.0
Translation / localization,France,France,86,76,15.0
Brand identity / visual identity,TenderNed,Netherlands,86,60,82.0
Online forms / lightweight portals,TED,PL,85,15,20.0
Graphic design / layout,TenderNed,Netherlands,84,64,82.0
Website maintenance / content updates,France,France,83,71,15.0
Small IT equipment supply,TED,RO,82,65,74.0
Digital marketing / SEO / campaigns,TED,ESP,81,3,20.0
Online forms / lightweight portals,TED,ROU,80,2,74.0
Brochure / flyer / poster printing,TED,DNK,76,2,66.0
Brand identity / visual identity,Germany,Germany,73,23,15.0
Simple API / software integration,TED,CZE,72,2,20.0
Social media content production,France,France,68,57,82.0
Online forms / lightweight portals,TenderNed,Netherlands,67,42,74.0
Labels / stickers / QR materials,Belgium,BE,67,56,
Document digitization / scanning,Canada federal,Canada,67,35,90.0
Online forms / lightweight portals,TED,PRT,65,1,60.0
Signage / wayfinding / vinyl,TED,CHE,64,1,20.0
Small IT equipment supply,TED,ESP,63,3,20.0
Signage / wayfinding / vinyl,Ireland,Ireland,61,38,15.0
Brochure / flyer / poster printing,TED,MLT,55,2,66.0
Brochure / flyer / poster printing,TED,SWE,55,2,66.0
Graphic design / layout,Quebec,Canada - Quebec,54,34,82.0
Social media content production,Belgium,BE,54,43,
Website design / redesign,TED,CHE,54,1,88.0
Digital marketing / SEO / campaigns,TED,ROU,54,1,20.0
E-learning / training content,Belgium,BE,53,42,
Transcription / minutes,TED,ITA,53,1,90.0
CMS development / migration,TED,FIN,53,2,60.0
Website design / redesign,TED,POL,52,2,88.0
Transcription / minutes,Ireland,Ireland,52,23,88.0
Translation / localization,TED,NOR,51,2,20.0
Brochure / flyer / poster printing,TED,EST,51,1,66.0
CMS development / migration,Belgium,BE,50,39,
Document digitization / scanning,TED,ITA,50,3,92.0
Signage / wayfinding / vinyl,TED,LUX,49,1,20.0
Workflow automation / RPA,Germany,Germany,49,18,74.0
Brochure / flyer / poster printing,Canada federal,Canada,48,17,80.0
Digital marketing / SEO / campaigns,United Kingdom,United Kingdom,48,40,15.0
E-learning / training content,France,France,48,40,15.0
CMS development / migration,Germany,Germany,47,6,60.0
Proofreading / editing,Quebec,Canada - Quebec,47,24,90.0
Web hosting / domain / SSL,TED,DNK,46,2,74.0
Graphic design / layout,Ireland,Ireland,46,41,80.0
Social media content production,Germany,Germany,44,10,82.0
Website design / redesign,TED,DNK,44,2,88.0
Brochure / flyer / poster printing,TED,CHE,44,1,66.0
E-learning / training content,Quebec,Canada - Quebec,44,32,74.0
Brochure / flyer / poster printing,TED,POL,44,2,66.0
Direct mail / envelope / routing,France,France,43,35,82.0
Small IT equipment supply,TED,DNK,42,1,74.0
Transcription / minutes,TED,LUX,42,1,90.0
Web accessibility remediation,TED,POL,42,3,60.0
Brochure / flyer / poster printing,TED,ITA,42,2,66.0
Online forms / lightweight portals,TED,FIN,42,2,74.0
Website design / redesign,TED,CZE,41,2,88.0
E-learning / training content,TED,NOR,41,2,60.0
Interpretation services,Belgium,BE,41,37,
Transcription / minutes,TED,RO,40,20,90.0
Simple API / software integration,Quebec,Canada - Quebec,40,28,74.0
Transcription / minutes,TED,ES,40,30,90.0
Translation / localization,Quebec,Canada - Quebec,40,33,15.0
Brochure / flyer / poster printing,TED,LTU,40,1,66.0
Online forms / lightweight portals,TED,DNK,40,2,74.0
Website design / redesign,TED,ESP,39,2,88.0
Photography,United Kingdom,United Kingdom,39,35,15.0
Brand identity / visual identity,France,France,39,37,82.0
Photography,France,France,39,35,15.0
Web hosting / domain / SSL,TED,ESP,39,2,60.0
Graphic design / layout,TED,NOR,39,2,82.0
Labels / stickers / QR materials,United Kingdom,United Kingdom,38,30,15.0
Digital marketing / SEO / campaigns,Germany,Germany,38,6,15.0
Photography,Ireland,Ireland,37,21,15.0
Workflow automation / RPA,TED,ESP,37,1,74.0
Document digitization / scanning,TED,NO,37,26,92.0
Brochure / flyer / poster printing,TED,AUT,37,19,66.0
Simple API / software integration,United Kingdom,United Kingdom,36,28,15.0
Document digitization / scanning,TED,LUX,35,1,92.0
Online forms / lightweight portals,TED,ES,35,32,60.0
E-learning / training content,Ireland,Ireland,35,25,15.0
Document digitization / scanning,Belgium,BE,34,26,
Website design / redesign,TED,ROU,34,2,88.0
Video production,Quebec,Canada - Quebec,33,24,82.0
Brochure / flyer / poster printing,TED,FIN,33,2,66.0
Brochure / flyer / poster printing,TED,CZE,33,3,66.0
Web hosting / domain / SSL,Ireland,Ireland,33,21,60.0
Labels / stickers / QR materials,Germany,Germany,33,4,15.0
Proofreading / editing,Germany,Germany,33,8,90.0
Office / presentation equipment supply,United Kingdom,United Kingdom,33,30,15.0
Transcription / minutes,TED,FIN,32,2,90.0
Low-code / no-code implementation,TED,ESP,32,3,60.0
Illustration / infographics,Quebec,Canada - Quebec,32,21,82.0
Small IT equipment supply,TED,HU,32,27,20.0
Website design / redesign,TED,ITA,32,2,88.0
Website design / redesign,TED,FIN,32,2,88.0
Website design / redesign,TED,NO,32,27,88.0
Document digitization / scanning,TED,SE,31,24,92.0
Transcription / minutes,TED,HRV,31,1,90.0
Website maintenance / content updates,Belgium,BE,31,22,
Small IT equipment supply,TED,LVA,31,1,20.0
Online forms / lightweight portals,TED,AUT,30,14,40.0
AI chatbot / assistant,Germany,Germany,30,6,60.0
Transcription / minutes,TED,CZE,30,2,90.0
Web accessibility remediation,France,France,30,28,15.0
Document digitization / scanning,TED,RO,29,23,92.0
Web hosting / domain / SSL,TED,LUX,29,1,74.0
Small IT equipment supply,TED,FIN,29,2,70.0
Website design / redesign,TED,SWE,29,1,88.0
Website design / redesign,TED,LUX,29,1,88.0
Social media content production,United Kingdom,United Kingdom,29,27,15.0
Web hosting / domain / SSL,France,France,29,28,15.0
Document digitization / scanning,TED,CZE,28,2,92.0
Small IT equipment supply,TED,IT,28,25,20.0
Transcription / minutes,TED,PRT,28,1,90.0
Signage / wayfinding / vinyl,TED,NOR,28,1,20.0
E-learning / training content,TED,ESP,27,2,70.0
Transcription / minutes,TED,SWE,26,1,90.0
Online forms / lightweight portals,TED,RO,26,24,74.0
Document digitization / scanning,TED,IT,26,21,92.0
Brand identity / visual identity,United Kingdom,United Kingdom,26,23,15.0
Graphic design / layout,United Kingdom,United Kingdom,25,23,80.0
Document digitization / scanning,TED,POL,25,2,92.0
Labels / stickers / QR materials,TED,NOR,25,1,20.0
Brochure / flyer / poster printing,TED,HUN,25,4,66.0
Online forms / lightweight portals,TED,SWE,25,1,60.0
Office / presentation equipment supply,Ireland,Ireland,24,21,15.0
Website maintenance / content updates,United Kingdom,United Kingdom,24,21,15.0
Small IT equipment supply,TED,MKD,24,2,20.0
Document digitization / scanning,TED,ESP,24,1,92.0
Simple API / software integration,Belgium,BE,24,21,
Copywriting / editorial content,United Kingdom,United Kingdom,24,21,72.0
Web hosting / domain / SSL,TED,ITA,24,1,60.0
Small IT equipment supply,TED,MLT,23,2,20.0
Document digitization / scanning,TED,MLT,23,2,92.0
Workflow automation / RPA,United Kingdom,United Kingdom,23,18,72.0
Data cleaning / deduplication,TED,NOR,23,2,60.0
Data entry / back-office processing,TED,ITA,22,1,60.0
Online forms / lightweight portals,TED,CHE,22,1,60.0
Brand identity / visual identity,TED,NOR,22,2,82.0
Transcription / minutes,Belgium,BE,21,16,
Document digitization / scanning,TED,AT,21,21,92.0
Brochure / flyer / poster printing,TED,NO,21,19,66.0
Simple API / software integration,TED,SVK,21,1,20.0
CMS development / migration,France,France,21,19,15.0
CMS development / migration,United Kingdom,United Kingdom,21,18,60.0
Online forms / lightweight portals,TED,SVN,21,1,60.0
Signage / wayfinding / vinyl,Germany,Germany,21,7,60.0
Digital marketing / SEO / campaigns,Belgium,BE,20,16,
Brochure / flyer / poster printing,TED,PRT,20,2,66.0
Signage / wayfinding / vinyl,TenderNed,Netherlands,19,14,20.0
Small IT equipment supply,TED,GRC,19,3,20.0
Brochure / flyer / poster printing,TED,LUX,19,1,66.0
Digital marketing / SEO / campaigns,Ireland,Ireland,19,13,15.0
E-learning / training content,TED,ITA,19,2,60.0
Transcription / minutes,TED,AUT,19,8,90.0
Brochure / flyer / poster printing,TED,MKD,18,1,66.0
Promotional merchandise / branded items,United Kingdom,United Kingdom,18,18,15.0
Online forms / lightweight portals,TED,HUN,18,1,20.0
Signage / wayfinding / vinyl,TED,LU,18,11,20.0
Transcription / minutes,TED,NO,18,15,90.0
Low-code / no-code implementation,TED,PRT,18,2,60.0
Web hosting / domain / SSL,TED,AUT,18,13,74.0
Photography,Quebec,Canada - Quebec,18,15,82.0
Document digitization / scanning,TED,HUN,18,3,92.0
Video production,United Kingdom,United Kingdom,18,17,15.0
Photography,Canada federal,Canada,18,10,15.0
E-learning / training content,TED,ROU,18,1,74.0
Online forms / lightweight portals,Belgium,BE,18,16,
Workflow automation / RPA,TED,CZE,18,2,20.0
Photography,Belgium,BE,18,13,
Workflow automation / RPA,TED,POL,17,2,20.0
Brochure / flyer / poster printing,TED,GRC,17,3,66.0
Simple API / software integration,TED,DNK,17,1,74.0
Interpretation services,TED,SWE,17,1,20.0
Photography,TED,NOR,17,2,20.0
Website design / redesign,TED,PRT,17,1,88.0
Simple API / software integration,France,France,17,15,74.0
Online survey setup,United Kingdom,United Kingdom,17,16,15.0
Website maintenance / content updates,Quebec,Canada - Quebec,17,12,82.0
Low-code / no-code implementation,Belgium,BE,17,16,
Promotional merchandise / branded items,Ireland,Ireland,16,15,15.0
Website design / redesign,TED,IT,16,8,88.0
Workflow automation / RPA,Belgium,BE,16,10,
Digital marketing / SEO / campaigns,TED,CHE,16,1,60.0
CMS development / migration,TED,ESP,16,1,60.0
Transcription / minutes,TED,CHE,16,1,90.0
Newsletter / magazine production,Germany,Germany,16,1,15.0
Social media content production,TED,POL,16,2,63.0
Online forms / lightweight portals,TED,NO,16,12,70.0
Website design / redesign,TED,ISL,16,1,88.0
Illustration / infographics,France,France,16,13,15.0
Annual report / publication layout,Belgium,BE,15,14,
Event audiovisual / livestream,Germany,Germany,15,4,60.0
Digital marketing / SEO / campaigns,Quebec,Canada - Quebec,15,8,82.0
Web hosting / domain / SSL,TED,CZE,15,1,60.0
Online forms / lightweight portals,TED,PT,15,10,60.0
Video production,France,France,15,14,82.0
E-learning / training content,TenderNed,Netherlands,15,14,74.0
Small IT equipment supply,TED,CHE,15,1,20.0
Small IT equipment supply,TED,BGR,15,1,82.0
Labels / stickers / QR materials,TenderNed,Netherlands,15,11,20.0
Web hosting / domain / SSL,TED,CHE,15,1,74.0
Direct mail / envelope / routing,Belgium,BE,15,14,
Low-code / no-code implementation,Germany,Germany,15,8,74.0
Brochure / flyer / poster printing,TED,BGR,15,1,66.0
Online forms / lightweight portals,TED,CZE,15,1,60.0
AI chatbot / assistant,TED,ESP,14,2,60.0
Transcription / minutes,TED,DNK,14,1,90.0
Brochure / flyer / poster printing,TED,HRV,14,1,66.0
Web hosting / domain / SSL,TED,FIN,14,2,74.0
Transcription / minutes,TED,MLT,14,2,90.0
CMS development / migration,Quebec,Canada - Quebec,14,10,82.0
Online forms / lightweight portals,TED,ITA,14,1,60.0
Online forms / lightweight portals,TED,LTU,14,1,60.0
Translation / localization,Germany,Germany,14,4,15.0
Voice-over / narration / audio editing,Germany,Germany,14,3,82.0
Small IT equipment supply,TED,LUX,14,1,20.0
Small IT equipment supply,TED,AUT,14,5,47.0
Website design / redesign,TED,AT,14,9,88.0
Small IT equipment supply,TED,SVK,14,1,40.0
Online forms / lightweight portals,TED,HRV,14,1,60.0
Online forms / lightweight portals,Quebec,Canada - Quebec,14,10,82.0
Illustration / infographics,Belgium,BE,14,13,
Copywriting / editorial content,TED,CHE,13,1,20.0
Online forms / lightweight portals,TED,BGR,13,1,60.0
Video production,TED,NOR,13,1,82.0
AI chatbot / assistant,TED,FIN,13,2,60.0
Video editing / post-production,France,France,13,13,82.0
Signage / wayfinding / vinyl,Canada federal,Canada,13,9,15.0
Small IT equipment supply,TED,PRT,13,1,20.0
Direct mail / envelope / routing,United Kingdom,United Kingdom,12,10,15.0
Online forms / lightweight portals,Canada federal,Canada,12,9,15.0
Labels / stickers / QR materials,France,France,12,12,15.0
Translation / localization,United Kingdom,United Kingdom,12,9,15.0
E-learning / training content,TED,HUN,12,3,40.0
Copywriting / editorial content,Germany,Germany,12,1,15.0
Office / presentation equipment supply,Canada federal,Canada,12,3,15.0
Video production,Canada federal,Canada,12,5,15.0
Small IT equipment supply,TED,NO,12,11,20.0
Social media content production,TED,ITA,12,2,82.0
Interpretation services,Ireland,Ireland,12,10,15.0
Brand identity / visual identity,Ireland,Ireland,12,11,15.0
Simple API / software integration,TED,ITA,12,1,60.0
Video production,Belgium,BE,12,9,
Low-code / no-code implementation,TED,FIN,12,2,20.0
Labels / stickers / QR materials,Canada federal,Canada,12,6,15.0
Presentation / template design,Belgium,BE,12,12,
Brochure / flyer / poster printing,TED,LVA,12,1,66.0
Desk research / information collection,United Kingdom,United Kingdom,12,11,15.0
Graphic design / layout,TED,CZE,12,2,20.0
Document digitization / scanning,TED,FI,11,9,92.0
Translation / localization,TenderNed,Netherlands,11,10,92.0
Proofreading / editing,TED,NOR,11,1,90.0
Promotional merchandise / branded items,Germany,Germany,11,4,15.0
Document digitization / scanning,TED,UKR,11,1,92.0
Presentation / template design,TED,FIN,11,2,74.0
Graphic design / layout,Canada federal,Canada,11,10,80.0
Document digitization / scanning,TED,DK,11,10,92.0
Online survey setup,TenderNed,Netherlands,11,5,74.0
Low-code / no-code implementation,TED,POL,11,1,74.0
Data cleaning / deduplication,United Kingdom,United Kingdom,11,11,60.0
Web hosting / domain / SSL,Canada federal,Canada,11,4,15.0
Social media content production,TED,BGR,11,1,20.0
Online forms / lightweight portals,TED,MKD,11,1,74.0
Proofreading / editing,Belgium,BE,11,9,
Brand identity / visual identity,TED,ITA,11,2,20.0
E-learning / training content,Canada federal,Canada,11,9,72.0
Brochure / flyer / poster printing,TED,DK,10,8,66.0
Video production,Ireland,Ireland,10,10,15.0
Animation / motion design,France,France,10,9,82.0
Online forms / lightweight portals,TED,IS,10,4,20.0
Digital marketing / SEO / campaigns,TED,POL,10,2,82.0
Video editing / post-production,Quebec,Canada - Quebec,10,7,78.0
Low-code / no-code implementation,Quebec,Canada - Quebec,10,8,82.0
Web hosting / domain / SSL,TED,SWE,10,1,60.0
Brochure / flyer / poster printing,TED,SE,10,9,66.0
Brochure / flyer / poster printing,TED,CZ,10,6,66.0
Low-code / no-code implementation,United Kingdom,United Kingdom,10,9,66.0
Website maintenance / content updates,TED,NOR,10,1,65.0
Simple API / software integration,TED,NOR,10,1,74.0
Document digitization / scanning,TED,MKD,10,1,92.0
Document digitization / scanning,TED,EST,10,1,92.0
Website design / redesign,TED,MLT,10,2,88.0
Workflow automation / RPA,TED,NOR,10,2,74.0
Small IT equipment supply,TED,ES,10,9,20.0
Translation / localization,TED,CHE,10,1,20.0
Signage / wayfinding / vinyl,TED,DNK,10,2,20.0
Workflow automation / RPA,France,France,10,7,15.0
Web hosting / domain / SSL,TED,POL,10,1,60.0
Workflow automation / RPA,TenderNed,Netherlands,10,6,70.0
Document digitization / scanning,Ireland,Ireland,10,9,90.0
Low-code / no-code implementation,TenderNed,Netherlands,10,9,74.0
Illustration / infographics,Germany,Germany,10,1,15.0
Small IT equipment supply,TED,SWE,9,1,70.0
Social media content production,Ireland,Ireland,9,7,15.0
Translation / localization,TED,LUX,9,1,20.0
Annual report / publication layout,TED,NOR,9,1,20.0
Small IT equipment supply,TED,SVN,9,1,20.0
Small IT equipment supply,TED,MK,9,6,20.0
AI chatbot / assistant,TED,POL,9,2,60.0
Workflow automation / RPA,TED,LVA,9,1,20.0
Office / presentation equipment supply,TED,NOR,9,2,20.0
Brand identity / visual identity,TED,ESP,9,1,20.0
Website maintenance / content updates,TED,POL,9,1,82.0
Direct mail / envelope / routing,Quebec,Canada - Quebec,9,3,15.0
Data entry / back-office processing,TED,NOR,9,1,20.0
Web hosting / domain / SSL,TED,HUN,9,2,60.0
AI chatbot / assistant,United Kingdom,United Kingdom,9,7,15.0
Presentation / template design,TED,EST,9,1,20.0
Workflow automation / RPA,TED,HUN,8,2,20.0
Workflow automation / RPA,TED,ES,8,8,74.0
Social media content production,Quebec,Canada - Quebec,8,8,82.0
Document digitization / scanning,TED,MT,8,2,92.0
Desk research / information collection,TED,POL,8,1,20.0
Web hosting / domain / SSL,TED,ROU,8,2,78.0
Signage / wayfinding / vinyl,TED,POL,8,2,72.0
E-learning / training content,TED,PRT,8,1,60.0
Web hosting / domain / SSL,TED,NOR,8,2,76.0
Low-code / no-code implementation,TED,AUT,8,7,60.0
Transcription / minutes,TED,SVN,8,1,90.0
Cataloguing / indexing / metadata,France,France,8,8,44.5
Web hosting / domain / SSL,Quebec,Canada - Quebec,8,6,82.0
Proofreading / editing,France,France,8,7,90.0
Brochure / flyer / poster printing,TED,TUR,8,1,66.0
Copywriting / editorial content,TED,LUX,8,1,20.0
Brochure / flyer / poster printing,TED,ESP,8,1,66.0
CMS development / migration,TED,SWE,8,1,60.0
Document digitization / scanning,TED,LTU,8,1,92.0
Copywriting / editorial content,Ireland,Ireland,8,8,15.0
Document digitization / scanning,TED,LIE,8,8,92.0
Document digitization / scanning,TED,PRT,8,1,92.0
Brand identity / visual identity,TED,AUT,8,7,20.0
Brochure / flyer / poster printing,TED,PT,8,6,66.0
Data entry / back-office processing,Canada federal,Canada,8,5,90.0
Workflow automation / RPA,TED,FIN,8,2,74.0
Workflow automation / RPA,TED,ROU,8,2,74.0
Brand identity / visual identity,TED,CHE,8,1,20.0
Brochure / flyer / poster printing,TED,BG,8,4,66.0
Data cleaning / deduplication,TenderNed,Netherlands,8,3,74.0
AI chatbot / assistant,Belgium,BE,7,6,
Labels / stickers / QR materials,TED,CHE,7,1,20.0
Transcription / minutes,TED,PL,7,5,90.0
Simple API / software integration,TED,FIN,7,2,82.0
Interpretation services,United Kingdom,United Kingdom,7,5,15.0
AI chatbot / assistant,France,France,7,7,15.0
Brochure / flyer / poster printing,TED,AT,7,6,66.0
Brochure / flyer / poster printing,TED,MK,7,4,66.0
Promotional merchandise / branded items,Belgium,BE,7,6,
Small IT equipment supply,TED,MT,7,1,20.0
Document digitization / scanning,TED,SVN,7,1,92.0
Web hosting / domain / SSL,TED,ISL,7,1,60.0
Illustration / infographics,TenderNed,Netherlands,7,3,82.0
Simple API / software integration,TED,CZ,7,4,20.0
Annual report / publication layout,France,France,7,7,82.0
AI chatbot / assistant,TED,ROU,7,1,82.0
Brand identity / visual identity,Quebec,Canada - Quebec,7,7,82.0
Simple API / software integration,Germany,Germany,7,3,60.0
Newsletter / magazine production,Belgium,BE,7,6,
Document digitization / scanning,TED,CYP,7,1,92.0
Small IT equipment supply,TED,GR,7,5,20.0
Online survey setup,Belgium,BE,7,5,
Brochure / flyer / poster printing,TED,IT,7,7,66.0
Small IT equipment supply,TED,BRB,7,1,74.0
Data cleaning / deduplication,TED,DNK,7,1,60.0
Data entry / back-office processing,United Kingdom,United Kingdom,7,6,60.0
Brand identity / visual identity,TED,POL,7,1,20.0
E-learning / training content,TED,NO,7,5,20.0
Social media content production,TED,HUN,7,4,20.0
Document digitization / scanning,TED,BGR,7,1,92.0
Social media content production,TED,ESP,7,1,20.0
AI chatbot / assistant,TED,NOR,7,1,60.0
Brochure / flyer / poster printing,TED,LU,7,5,66.0
Digital marketing / SEO / campaigns,TenderNed,Netherlands,7,6,82.0
Subtitles / captions,Belgium,BE,6,5,
Cataloguing / indexing / metadata,TED,NOR,6,1,20.0
Social media content production,TED,FIN,6,2,71.0
Annual report / publication layout,United Kingdom,United Kingdom,6,6,80.0
Transcription / minutes,TED,SE,6,4,90.0
Document digitization / scanning,TED,ISL,6,1,92.0
Brand identity / visual identity,TED,DNK,6,2,20.0
Data entry / back-office processing,France,France,6,6,92.0
Newsletter / magazine production,TED,ESP,6,2,20.0
Promotional merchandise / branded items,TenderNed,Netherlands,6,4,20.0
Social media content production,TED,CZE,6,1,20.0
Small IT equipment supply,TED,BIH,6,1,20.0
E-learning / training content,TED,ES,6,6,60.0
Social media content production,TED,SWE,6,1,78.0
Simple API / software integration,TenderNed,Netherlands,6,4,72.0
Graphic design / layout,TED,LUX,6,1,82.0
Website maintenance / content updates,TED,ITA,6,1,47.0
Online forms / lightweight portals,TED,MLT,6,2,74.0
Low-code / no-code implementation,TED,NOR,6,2,78.0
Desk research / information collection,Belgium,BE,6,4,
Graphic design / layout,TED,DNK,6,1,74.0
Workflow automation / RPA,TED,SWE,6,1,74.0
Website design / redesign,TED,RO,6,6,88.0
Transcription / minutes,TED,IT,6,6,90.0
Data entry / back-office processing,TED,MLT,6,1,20.0
Voice-over / narration / audio editing,Belgium,BE,6,6,
Data entry / back-office processing,Quebec,Canada - Quebec,6,5,92.0
Transcription / minutes,TED,PT,6,6,90.0
Data entry / back-office processing,Ireland,Ireland,6,5,37.5
Website design / redesign,TED,SE,6,5,88.0
Simple API / software integration,TED,CHE,6,1,60.0
Desk research / information collection,Quebec,Canada - Quebec,5,3,15.0
Presentation / template design,TED,NOR,5,1,82.0
Simple API / software integration,Canada federal,Canada,5,4,15.0
Illustration / infographics,TED,NOR,5,1,82.0
Copywriting / editorial content,TenderNed,Netherlands,5,4,82.0
Low-code / no-code implementation,France,France,5,4,15.0
Graphic design / layout,TED,POL,5,2,20.0
Workflow automation / RPA,TED,ITA,5,1,20.0
E-learning / training content,TED,POL,5,1,74.0
AI chatbot / assistant,TenderNed,Netherlands,5,3,74.0
Illustration / infographics,United Kingdom,United Kingdom,5,5,15.0
Data entry / back-office processing,TED,IT,5,4,60.0
Interpretation services,TED,SE,5,5,20.0
Brochure / flyer / poster printing,TED,PL,5,5,66.0
Voice-over / narration / audio editing,United Kingdom,United Kingdom,5,5,15.0
CMS development / migration,Canada federal,Canada,5,5,15.0
Simple API / software integration,TED,LUX,5,1,20.0
Promotional merchandise / branded items,TED,DNK,5,1,20.0
Website maintenance / content updates,TED,LUX,5,1,60.0
Signage / wayfinding / vinyl,TED,HUN,5,2,74.0
Simple API / software integration,TED,MKD,5,1,74.0
Document digitization / scanning,TED,HRV,5,1,92.0
Digital marketing / SEO / campaigns,TED,ES,5,5,20.0
Presentation / template design,Germany,Germany,5,1,15.0
Small IT equipment supply,TED,UKR,5,1,82.0
Transcription / minutes,TED,HR,5,5,90.0
Proofreading / editing,Canada federal,Canada,5,4,88.0
Online forms / lightweight portals,TED,SVK,5,1,20.0
Social media content production,TED,SVN,5,1,20.0
Graphic design / layout,TED,CZ,5,2,20.0
Web hosting / domain / SSL,TED,ES,5,5,60.0
Web accessibility remediation,TED,NOR,5,1,60.0
Annual report / publication layout,Quebec,Canada - Quebec,5,5,15.0
Online forms / lightweight portals,TED,LUX,5,1,70.0
Online forms / lightweight portals,TED,SE,5,4,60.0
Social media content production,TenderNed,Netherlands,5,4,82.0
Web accessibility remediation,TenderNed,Netherlands,5,4,60.0
E-learning / training content,TED,SWE,5,1,60.0
Web accessibility remediation,Belgium,BE,5,4,
Web accessibility remediation,TED,SWE,5,1,82.0
Small IT equipment supply,TED,TUR,5,1,82.0
Event audiovisual / livestream,TenderNed,Netherlands,5,5,20.0
Web hosting / domain / SSL,TED,PRT,5,1,60.0
Digital marketing / SEO / campaigns,TED,MKD,5,1,20.0
Transcription / minutes,TED,HUN,5,1,90.0
Animation / motion design,Quebec,Canada - Quebec,5,5,82.0
Signage / wayfinding / vinyl,TED,FIN,5,2,20.0
AI chatbot / assistant,TED,CZE,5,2,74.0
Illustration / infographics,TED,ITA,5,1,74.0
Subtitles / captions,TenderNed,Netherlands,5,4,82.0
Brochure / flyer / poster printing,TED,MT,4,3,74.0
CMS development / migration,TED,EST,4,1,60.0
Workflow automation / RPA,TED,PRT,4,1,74.0
Newsletter / magazine production,United Kingdom,United Kingdom,4,4,15.0
Web hosting / domain / SSL,TED,MKD,4,1,67.0
Cataloguing / indexing / metadata,Quebec,Canada - Quebec,4,2,15.0
Signage / wayfinding / vinyl,TED,GR,4,4,40.0
Social media content production,TED,CZ,4,3,20.0
Website maintenance / content updates,Germany,Germany,4,2,67.0
Document digitization / scanning,TED,MRT,4,1,92.0
Brochure / flyer / poster printing,TED,HR,4,4,66.0
Labels / stickers / QR materials,Ireland,Ireland,4,3,15.0
Transcription / minutes,TED,AT,4,4,90.0
Website design / redesign,TED,SVK,4,2,88.0
Small IT equipment supply,TED,FI,4,3,78.0
Video editing / post-production,TED,NOR,4,1,51.0
Transcription / minutes,TED,CZ,4,4,90.0
Web hosting / domain / SSL,TED,CZ,4,2,70.0
Transcription / minutes,TED,MKD,4,1,90.0
Office / presentation equipment supply,Belgium,BE,4,4,
Website design / redesign,TED,HUN,4,2,88.0
Website maintenance / content updates,TED,SWE,4,1,82.0
Copywriting / editorial content,TED,ITA,4,1,20.0
Labels / stickers / QR materials,TED,NO,4,3,82.0
Workflow automation / RPA,TED,RO,4,4,74.0
Video production,TED,MLT,4,1,82.0
Transcription / minutes,TED,LTU,4,1,90.0
Subtitles / captions,Germany,Germany,4,0,90.0
Small IT equipment supply,TED,BA,4,2,20.0
Data entry / back-office processing,Belgium,BE,4,3,
Document digitization / scanning,TED,GR,4,4,92.0
Interpretation services,TED,CHE,4,1,20.0
Voice-over / narration / audio editing,TED,ROU,4,2,82.0
Digital marketing / SEO / campaigns,TED,SWE,4,1,40.0
Document digitization / scanning,TED,ES,4,3,92.0
Digital marketing / SEO / campaigns,TED,NOR,4,1,76.0
Web accessibility remediation,United Kingdom,United Kingdom,4,4,15.0
Newsletter / magazine production,France,France,4,4,82.0
Digital marketing / SEO / campaigns,TED,DNK,4,1,74.0
Online forms / lightweight portals,TED,GRC,4,2,60.0
Small IT equipment supply,TED,LTU,4,1,40.0
Brochure / flyer / poster printing,TED,SVK,4,1,66.0
Transcription / minutes,TED,SVK,4,1,90.0
Signage / wayfinding / vinyl,TED,NO,4,3,71.0
Transcription / minutes,TED,EST,4,1,90.0
Presentation / template design,TED,MDA,4,1,82.0
Office / presentation equipment supply,TED,MLT,4,1,20.0
Presentation / template design,TED,BG,4,1,20.0
Proofreading / editing,Ireland,Ireland,4,4,88.0
Annual report / publication layout,Ireland,Ireland,4,3,80.0
Brochure / flyer / poster printing,TED,GR,4,4,66.0
Document digitization / scanning,TED,PT,4,3,92.0
Web accessibility remediation,TED,DNK,4,1,60.0
Copywriting / editorial content,TED,SWE,4,1,78.0
Copywriting / editorial content,TED,FIN,4,2,82.0
Website design / redesign,TED,PL,4,4,88.0
Online survey setup,Canada federal,Canada,4,3,15.0
Graphic design / layout,TED,NO,4,4,82.0
Website maintenance / content updates,TED,IT,4,4,20.0
CMS development / migration,TED,CHE,3,1,74.0
Small IT equipment supply,TED,DK,3,2,20.0
Subtitles / captions,Canada federal,Canada,3,3,88.0
Brand identity / visual identity,TED,MLT,3,1,20.0
Microsites / campaign landing pages,TED,ESP,3,1,82.0
Online forms / lightweight portals,TED,GR,3,3,60.0
CMS development / migration,TED,AUT,3,3,60.0
Small IT equipment supply,TED,SE,3,3,74.0
Brochure / flyer / poster printing,TED,SVN,3,1,66.0
Digital marketing / SEO / campaigns,TED,PRT,3,1,20.0
Interpretation services,TenderNed,Netherlands,3,1,92.0
Online forms / lightweight portals,TED,SRB,3,1,70.0
Digital marketing / SEO / campaigns,TED,ITA,3,1,20.0
Website design / redesign,TED,TUR,3,1,88.0
Voice-over / narration / audio editing,Ireland,Ireland,3,3,15.0
Online forms / lightweight portals,TED,IT,3,2,20.0
E-learning / training content,TED,CHE,3,1,60.0
Translation / localization,TED,DNK,3,1,82.0
Brand identity / visual identity,TED,CZE,3,1,74.0
Graphic design / layout,TED,ESP,3,1,82.0
Translation / localization,TED,SWE,3,2,74.0
Document digitization / scanning,TED,GRC,3,1,92.0
Small IT equipment supply,TED,ISL,3,1,20.0
Low-code / no-code implementation,TED,LTU,3,1,74.0
E-learning / training content,TED,AUT,3,3,60.0
Brochure / flyer / poster printing,TED,LT,3,2,66.0
Web hosting / domain / SSL,TED,MLT,3,1,60.0
Small IT equipment supply,TED,HRV,3,1,20.0
Brand identity / visual identity,TED,FIN,3,1,60.0
Data cleaning / deduplication,TED,ITA,3,1,70.0
AI chatbot / assistant,TED,CHE,3,1,74.0
Illustration / infographics,Ireland,Ireland,3,3,72.0
Website maintenance / content updates,TED,DNK,3,1,74.0
Brochure / flyer / poster printing,TED,ISL,3,1,66.0
Website design / redesign,TED,BGR,3,1,88.0
Copywriting / editorial content,TED,POL,3,2,82.0
Brochure / flyer / poster printing,TED,LV,3,1,66.0
Simple API / software integration,TED,SWE,3,1,20.0
Voice-over / narration / audio editing,TED,BGR,3,1,20.0
Cataloguing / indexing / metadata,TED,DNK,3,1,74.0
Promotional merchandise / branded items,TED,NOR,3,1,20.0
Graphic design / layout,TED,ITA,3,1,20.0
Interpretation services,Germany,Germany,3,0,15.0
AI chatbot / assistant,TED,ITA,3,1,60.0
Promotional merchandise / branded items,TED,MLT,3,1,20.0
Document digitization / scanning,TED,CH,3,2,20.0
Low-code / no-code implementation,TED,PT,3,2,60.0
Translation / localization,TED,MKD,3,1,74.0
Website design / redesign,TED,HRV,3,1,88.0
E-learning / training content,TED,MLT,3,1,82.0
Brochure / flyer / poster printing,TED,ES,3,3,66.0
Illustration / infographics,TED,AUT,3,3,20.0
Video editing / post-production,TED,CHE,3,1,20.0
Small IT equipment supply,TED,CYP,3,1,20.0
Document digitization / scanning,TED,LU,3,3,92.0
E-learning / training content,TED,FIN,3,1,74.0
Website maintenance / content updates,Ireland,Ireland,3,3,60.0
Simple API / software integration,TED,AUT,3,3,60.0
Labels / stickers / QR materials,TED,DNK,3,1,74.0
Website design / redesign,TED,GRC,3,2,88.0
E-learning / training content,TED,RO,3,3,74.0
Web hosting / domain / SSL,TED,IS,3,2,60.0
Labels / stickers / QR materials,TED,MLT,3,2,20.0
Voice-over / narration / audio editing,TED,DNK,3,1,82.0
Low-code / no-code implementation,TED,CZE,3,3,74.0
Small IT equipment supply,TED,SRB,3,1,20.0
AI chatbot / assistant,TED,ISL,3,1,60.0
Website maintenance / content updates,TED,ESP,3,1,20.0
Workflow automation / RPA,TED,LV,3,2,20.0
Online forms / lightweight portals,TED,DK,3,3,60.0
Survey data processing / coding,TED,ITA,3,1,20.0
Website design / redesign,TED,DK,3,3,88.0
Online forms / lightweight portals,France,France,3,2,15.0
CMS development / migration,TED,FI,3,3,60.0
Social media content production,TED,ES,3,3,20.0
Signage / wayfinding / vinyl,TED,GRC,3,2,20.0
Direct mail / envelope / routing,Canada federal,Canada,3,1,15.0
Simple API / software integration,TED,EST,3,1,20.0
Website design / redesign,TED,SI,3,3,88.0
Event audiovisual / livestream,Belgium,BE,3,3,
Small IT equipment supply,TED,RS,3,2,70.0
Cataloguing / indexing / metadata,Belgium,BE,3,3,
Small IT equipment supply,TED,EST,3,1,60.0
Small IT equipment supply,TED,LU,3,3,20.0
Small IT equipment supply,TED,MD,3,2,20.0
Direct mail / envelope / routing,Ireland,Ireland,2,2,15.0
Digital marketing / SEO / campaigns,TED,PT,2,2,51.0
Website design / redesign,TED,LU,2,2,88.0
Copywriting / editorial content,TED,AUT,2,2,82.0
Website design / redesign,TED,EST,2,1,88.0
Workflow automation / RPA,TED,AUT,2,2,67.0
AI chatbot / assistant,Ireland,Ireland,2,2,43.5
Photography,TED,FIN,2,1,92.0
Document digitization / scanning,TED,SI,2,2,92.0
Simple API / software integration,TED,GRC,2,1,60.0
Survey data processing / coding,TED,DNK,2,1,51.0
Document digitization / scanning,TED,CZ,2,2,92.0
Transcription / minutes,TED,GRC,2,1,86.0
Graphic design / layout,TED,SVK,2,1,51.0
AI chatbot / assistant,TED,AUT,2,2,67.0
Digital marketing / SEO / campaigns,TED,CYP,2,1,20.0
Document digitization / scanning,TED,CM,2,1,76.0
Website maintenance / content updates,TED,ROU,2,1,74.0
Website maintenance / content updates,TED,CZE,2,1,60.0
Web hosting / domain / SSL,TED,DK,2,2,20.0
Proofreading / editing,TED,MKD,2,1,90.0
Low-code / no-code implementation,TED,CHE,2,1,67.0
Website design / redesign,TED,BG,2,2,88.0
Newsletter / magazine production,TED,AUT,2,2,47.0
Translation / localization,Ireland,Ireland,2,1,15.0
Voice-over / narration / audio editing,Canada federal,Canada,2,1,15.0
Brochure / flyer / poster printing,TED,CH,2,2,66.0
Online forms / lightweight portals,TED,CYP,2,1,71.0
Brochure / flyer / poster printing,TED,FI,2,2,66.0
Survey data processing / coding,United Kingdom,United Kingdom,2,2,15.0
Direct mail / envelope / routing,TenderNed,Netherlands,2,2,81.0
Desk research / information collection,TenderNed,Netherlands,2,2,74.0
Online survey setup,TED,FIN,2,2,51.0
Video editing / post-production,United Kingdom,United Kingdom,2,2,15.0
Document digitization / scanning,TED,MNE,2,1,92.0
Brand identity / visual identity,TED,GRC,2,1,51.0
Document digitization / scanning,TED,PL,2,2,92.0
CMS development / migration,Ireland,Ireland,2,2,66.0
Illustration / infographics,Canada federal,Canada,2,2,15.0
Website design / redesign,TED,ES,2,2,88.0
Website maintenance / content updates,Canada federal,Canada,2,2,15.0
Animation / motion design,Belgium,BE,2,2,
Data cleaning / deduplication,Belgium,BE,2,2,
Online survey setup,Germany,Germany,2,0,42.5
Video production,Germany,Germany,2,0,82.0
Document digitization / scanning,TED,UA,2,2,92.0
Website design / redesign,TED,LTU,2,1,88.0
Social media content production,TED,PL,2,2,40.0
Web hosting / domain / SSL,TED,GRC,2,1,60.0
Brand identity / visual identity,TED,AT,2,2,20.0
Simple API / software integration,TED,ROU,2,1,74.0
Document digitization / scanning,TED,HU,2,2,92.0
Data entry / back-office processing,TED,POL,2,1,82.0
Brand identity / visual identity,TED,ROU,2,1,43.0
Transcription / minutes,TED,ISL,2,2,90.0
Data cleaning / deduplication,TED,ESP,2,1,82.0
Copywriting / editorial content,TED,EST,2,1,20.0
Graphic design / layout,TED,PRT,2,1,82.0
Translation / localization,TED,NO,2,2,20.0
Illustration / infographics,TED,ROU,2,1,78.0
Presentation / template design,TED,SWE,2,1,40.0
Web accessibility remediation,TED,ESP,2,1,60.0
Web hosting / domain / SSL,TED,SVN,2,1,60.0
Website design / redesign,TED,LVA,2,1,88.0
Web hosting / domain / SSL,TED,RO,2,2,78.0
Graphic design / layout,TED,HUN,2,1,74.0
Social media content production,TED,NOR,2,1,74.0
Labels / stickers / QR materials,TED,CYP,2,1,20.0
Workflow automation / RPA,TED,CZ,2,2,47.0
Office / presentation equipment supply,TED,GRC,2,1,82.0
Brand identity / visual identity,TED,IT,2,2,51.0
Online forms / lightweight portals,TED,HR,2,2,67.0
Presentation / template design,TenderNed,Netherlands,2,2,56.0
Document digitization / scanning,TED,BEN,2,1,92.0
Website design / redesign,TED,CH,2,1,88.0
Website design / redesign,TED,FI,2,2,88.0
Low-code / no-code implementation,TED,ROU,2,1,74.0
AI chatbot / assistant,TED,FI,2,2,67.0
Copywriting / editorial content,TED,NOR,2,1,51.0
Brochure / flyer / poster printing,TED,MDA,2,1,66.0
Workflow automation / RPA,Canada federal,Canada,2,1,72.0
Signage / wayfinding / vinyl,TED,PL,2,2,20.0
Proofreading / editing,TED,ESP,2,1,90.0
Data cleaning / deduplication,TED,FIN,2,1,78.0
Proofreading / editing,TED,AUT,2,1,51.0
Brand identity / visual identity,TED,ES,2,2,20.0
Online forms / lightweight portals,TED,AT,2,2,20.0
Office / presentation equipment supply,TED,LUX,2,1,82.0
AI chatbot / assistant,Quebec,Canada - Quebec,2,2,78.0
Newsletter / magazine production,Quebec,Canada - Quebec,2,2,15.0
Online forms / lightweight portals,TED,HU,2,2,20.0
Simple API / software integration,TED,POL,2,1,40.0
Event audiovisual / livestream,TED,BGR,2,1,20.0
Social media content production,TED,AUT,2,1,45.0
Small IT equipment supply,TED,MDA,2,1,20.0
Data cleaning / deduplication,TED,CZE,2,2,74.0
E-learning / training content,TED,DNK,2,1,20.0
E-learning / training content,TED,GRC,2,1,40.0
Data cleaning / deduplication,TED,SWE,2,1,20.0
Transcription / minutes,TED,MDA,2,1,90.0
CMS development / migration,TenderNed,Netherlands,2,2,82.0
Voice-over / narration / audio editing,TenderNed,Netherlands,2,2,82.0
Web accessibility remediation,TED,DK,2,1,60.0
Web accessibility remediation,TED,FIN,2,1,71.0
Signage / wayfinding / vinyl,TED,MKD,2,1,51.0
Signage / wayfinding / vinyl,TED,ROU,2,1,82.0
Workflow automation / RPA,TED,LUX,2,1,82.0
Simple API / software integration,TED,IT,2,2,40.0
Signage / wayfinding / vinyl,TED,CH,2,2,20.0
Low-code / no-code implementation,TED,PL,2,2,74.0
Desk research / information collection,Ireland,Ireland,2,2,15.0
Cataloguing / indexing / metadata,Ireland,Ireland,2,2,80.0
Web accessibility remediation,Ireland,Ireland,2,2,65.0
Presentation / template design,TED,POL,2,1,47.0
Website design / redesign,TED,UKR,2,1,88.0
Document digitization / scanning,TED,RE,2,2,56.0
Document digitization / scanning,TED,SVK,2,2,87.0
Signage / wayfinding / vinyl,TED,MLT,2,1,20.0
Simple API / software integration,Ireland,Ireland,2,2,43.5
Presentation / template design,TED,HUN,2,1,20.0
Website design / redesign,TED,SVN,2,1,88.0
Labels / stickers / QR materials,TED,FIN,2,2,78.0
Workflow automation / RPA,TED,PL,2,1,20.0
Digital marketing / SEO / campaigns,Canada federal,Canada,2,2,15.0
Transcription / minutes,TED,SK,2,2,90.0
Workflow automation / RPA,TED,SE,2,2,60.0
Workflow automation / RPA,TED,NO,2,2,74.0
Website maintenance / content updates,TED,CHE,2,1,47.0
Voice-over / narration / audio editing,TED,NOR,2,1,20.0
Web hosting / domain / SSL,TED,LTU,2,1,60.0
Data entry / back-office processing,TED,NO,2,2,56.0
Brochure / flyer / poster printing,TED,CYP,2,1,66.0
E-learning / training content,TED,LUX,2,1,51.0
Document digitization / scanning,TED,SRB,2,1,92.0
Translation / localization,TED,ITA,2,1,20.0
Copywriting / editorial content,TED,CZE,2,2,76.0
CMS development / migration,TED,CZE,2,1,60.0
Simple API / software integration,TED,BGR,2,1,60.0
Transcription / minutes,TED,BGR,2,1,90.0
Low-code / no-code implementation,Canada federal,Canada,2,2,15.0
Transcription / minutes,TED,LVA,2,1,90.0
Transcription / minutes,TED,CYP,2,1,90.0
Data entry / back-office processing,TED,FIN,2,1,74.0
Web hosting / domain / SSL,TED,IT,2,2,60.0
Document digitization / scanning,TED,TUR,2,1,92.0
Low-code / no-code implementation,TED,DNK,2,1,74.0
Web hosting / domain / SSL,TED,SVK,2,2,78.0
Office / presentation equipment supply,TED,NO,2,1,20.0
Desk research / information collection,TED,NOR,2,1,20.0
Signage / wayfinding / vinyl,TED,SWE,2,1,78.0
Social media content production,Canada federal,Canada,1,1,72.0
Website design / redesign,TED,TR,1,1,88.0
Signage / wayfinding / vinyl,TED,SK,1,1,82.0
Signage / wayfinding / vinyl,TED,ITA,1,1,82.0
Website design / redesign,TED,CYP,1,1,88.0
Transcription / minutes,TED,DJI,1,1,90.0
Desk research / information collection,TED,TUR,1,1,82.0
Website design / redesign,TED,PT,1,1,88.0
Low-code / no-code implementation,TED,HUN,1,1,74.0
Proofreading / editing,TED,NO,1,1,90.0
Small IT equipment supply,TED,HR,1,1,20.0
Event audiovisual / livestream,TED,NO,1,1,20.0
Photography,TED,MK,1,1,82.0
Newsletter / magazine production,TED,ITA,1,1,82.0
Online forms / lightweight portals,TED,BG,1,1,60.0
Proofreading / editing,TED,AT,1,1,82.0
Event audiovisual / livestream,TED,FIN,1,1,82.0
Small IT equipment supply,TED,GE,1,1,82.0
Copywriting / editorial content,TED,ESP,1,1,82.0
Transcription / minutes,TED,MK,1,1,90.0
Low-code / no-code implementation,TED,ES,1,1,60.0
Proofreading / editing,TED,MK,1,1,90.0
Web hosting / domain / SSL,TED,CY,1,1,74.0
Voice-over / narration / audio editing,TED,MDA,1,1,74.0
Small IT equipment supply,TED,SL,1,1,20.0
Web hosting / domain / SSL,TED,CH,1,1,60.0
Web hosting / domain / SSL,TED,MK,1,1,60.0
Website design / redesign,TED,MDA,1,1,88.0
Brand identity / visual identity,TED,MKD,1,1,20.0
Office / presentation equipment supply,TED,ES,1,1,20.0
Small IT equipment supply,TED,JO,1,1,70.0
Event audiovisual / livestream,TED,SWE,1,1,20.0
Annual report / publication layout,TED,FIN,1,1,60.0
Proofreading / editing,TED,SE,1,1,20.0
Document digitization / scanning,TED,MK,1,1,92.0
Transcription / minutes,TED,ME,1,1,90.0
AI chatbot / assistant,TED,ES,1,1,60.0
Copywriting / editorial content,TED,MDA,1,1,82.0
Small IT equipment supply,TED,ME,1,1,20.0
Voice-over / narration / audio editing,TED,AUT,1,1,74.0
Simple API / software integration,TED,HRV,1,1,20.0
Translation / localization,TED,FIN,1,1,70.0
Workflow automation / RPA,TED,CHE,1,1,20.0
Labels / stickers / QR materials,TED,AUT,1,1,20.0
Brochure / flyer / poster printing,TED,CY,1,1,66.0
Photography,TED,MT,1,1,92.0
Brand identity / visual identity,TED,SWE,1,1,20.0
AI chatbot / assistant,TED,PRT,1,1,82.0
CMS development / migration,TED,POL,1,1,74.0
Brand identity / visual identity,TED,IND,1,1,82.0
Digital marketing / SEO / campaigns,TED,GR,1,1,20.0
Data cleaning / deduplication,France,France,1,1,15.0
Signage / wayfinding / vinyl,TED,SVK,1,1,74.0
Microsites / campaign landing pages,Germany,Germany,1,1,82.0
Transcription / minutes,TED,SI,1,1,90.0
Document digitization / scanning,TED,BOL,1,1,92.0
Interpretation services,TED,NOR,1,1,92.0
AI chatbot / assistant,Canada federal,Canada,1,1,15.0
Video editing / post-production,Belgium,BE,1,1,
Microsites / campaign landing pages,Belgium,BE,1,1,
Illustration / infographics,TED,NO,1,1,82.0
Newsletter / magazine production,TED,ES,1,1,60.0
Digital marketing / SEO / campaigns,TED,AUT,1,1,20.0
Presentation / template design,TED,FI,1,1,82.0
Social media content production,TED,ROU,1,1,20.0
Small IT equipment supply,TED,ALB,1,1,82.0
Small IT equipment supply,TED,CY,1,1,20.0
Social media content production,TED,GRC,1,1,20.0
Video production,TenderNed,Netherlands,1,1,82.0
Data entry / back-office processing,TenderNed,Netherlands,1,1,74.0
Document conversion / PDF remediation,United Kingdom,United Kingdom,1,1,15.0
Photography,TenderNed,Netherlands,1,1,82.0
Cataloguing / indexing / metadata,Germany,Germany,1,1,15.0
Event audiovisual / livestream,TED,FI,1,1,82.0
Video editing / post-production,TED,HU,1,1,82.0
Voice-over / narration / audio editing,France,France,1,1,82.0
Small IT equipment supply,TED,JOR,1,1,70.0
AI chatbot / assistant,TED,EST,1,1,20.0
Small IT equipment supply,TED,CH,1,1,70.0
Web accessibility remediation,TED,CHE,1,1,20.0
Desk research / information collection,TED,ITA,1,1,82.0
Workflow automation / RPA,TED,LTU,1,1,74.0
Brand identity / visual identity,TED,RO,1,1,66.0
Brochure / flyer / poster printing,TED,AL,1,1,66.0
Microsites / campaign landing pages,Quebec,Canada - Quebec,1,1,82.0
Survey data processing / coding,France,France,1,1,15.0
Small IT equipment supply,TED,AT,1,1,20.0
Data entry / back-office processing,TED,TUR,1,1,82.0
Transcription / minutes,TED,HU,1,1,90.0
Social media content production,TED,AT,1,1,20.0
E-learning / training content,TED,BGR,1,1,20.0
Annual report / publication layout,TED,MLT,1,1,82.0
Photography,TED,SWE,1,1,82.0
Signage / wayfinding / vinyl,TED,ESP,1,1,20.0
Survey data processing / coding,TED,SWE,1,1,20.0
Web hosting / domain / SSL,TED,NO,1,1,20.0
Proofreading / editing,TED,SWE,1,1,20.0
Graphic design / layout,TED,CHE,1,1,20.0
Direct mail / envelope / routing,TED,UKR,1,1,82.0
Simple API / software integration,TED,NO,1,1,20.0
E-learning / training content,TED,EST,1,1,20.0
Document digitization / scanning,TED,AL,1,1,92.0
Labels / stickers / QR materials,TED,GRD,1,1,92.0
Graphic design / layout,TED,LVA,1,1,82.0
Website maintenance / content updates,TED,MK,1,1,82.0
Transcription / minutes,TED,DK,1,1,90.0
Interpretation services,TED,MQ,1,1,20.0
Simple API / software integration,TED,MK,1,1,74.0
Illustration / infographics,TED,DNK,1,1,20.0
Brand identity / visual identity,TED,LUX,1,1,20.0
Website design / redesign,TED,PHL,1,1,88.0
Transcription / minutes,TED,MT,1,1,90.0
Labels / stickers / QR materials,TED,SVK,1,1,74.0
Brochure / flyer / poster printing,TED,ALB,1,1,66.0
Event audiovisual / livestream,TED,NOR,1,1,20.0
Illustration / infographics,TED,LUX,1,1,20.0
Social media content production,TED,MKD,1,1,90.0
Social media content production,TED,NO,1,1,74.0
Signage / wayfinding / vinyl,TED,IT,1,1,82.0
Document digitization / scanning,TED,MU,1,1,92.0
Newsletter / magazine production,TED,CHE,1,1,74.0
AI chatbot / assistant,TED,SK,1,1,74.0
Brochure / flyer / poster printing,TED,HU,1,1,66.0
Data entry / back-office processing,TED,AUT,1,1,74.0
Website design / redesign,TED,ARG,1,1,88.0
Presentation / template design,TED,ROU,1,1,74.0
Website maintenance / content updates,TED,GRC,1,1,60.0
Signage / wayfinding / vinyl,TED,AUT,1,1,74.0
Office / presentation equipment supply,TED,GR,1,1,74.0
Small IT equipment supply,TED,LV,1,1,20.0
Document digitization / scanning,TED,DOM,1,1,92.0
Social media content production,TED,DNK,1,1,82.0
Online forms / lightweight portals,TED,BRB,1,1,70.0
Transcription / minutes,TED,CH,1,1,90.0
E-learning / training content,TED,SVK,1,1,82.0
Labels / stickers / QR materials,TED,ITA,1,1,74.0
Copywriting / editorial content,TED,TGO,1,1,20.0
Transcription / minutes,TED,UKR,1,1,90.0
Voice-over / narration / audio editing,TED,CHE,1,1,20.0
Translation / localization,TED,CMR,1,1,20.0
Data cleaning / deduplication,TED,IT,1,1,70.0
Translation / localization,TED,CH,1,1,20.0
Transcription / minutes,TED,SOM,1,1,90.0
Data cleaning / deduplication,Ireland,Ireland,1,1,72.0
Web hosting / domain / SSL,TED,MWI,1,1,20.0
Direct mail / envelope / routing,TED,LUX,1,1,20.0
Document digitization / scanning,TED,COD,1,1,92.0
Photography,TED,DNK,1,1,20.0
Microsites / campaign landing pages,TED,SVK,1,1,60.0
Labels / stickers / QR materials,TED,GR,1,1,20.0
Website maintenance / content updates,TED,PL,1,1,82.0
Translation / localization,TED,1A,1,1,74.0
Low-code / no-code implementation,TED,MDA,1,1,74.0
Illustration / infographics,TED,SE,1,1,82.0
Small IT equipment supply,TED,AUS,1,1,20.0
Brand identity / visual identity,TED,MK,1,1,20.0
Brand identity / visual identity,TED,ISL,1,1,82.0
Illustration / infographics,TED,SWE,1,1,82.0
Social media content production,TED,LUX,1,1,82.0
Simple API / software integration,TED,CRI,1,1,74.0
Photography,TED,MLT,1,1,82.0
Brand identity / visual identity,TED,PL,1,1,20.0
CMS development / migration,TED,LVA,1,1,60.0
Interpretation services,TED,DNK,1,1,60.0
Copywriting / editorial content,TED,GP,1,1,20.0
Online forms / lightweight portals,TED,EST,1,1,60.0
Microsites / campaign landing pages,TED,POL,1,1,20.0
E-learning / training content,TED,IT,1,1,20.0
Subtitles / captions,TED,AUT,1,1,74.0
Event audiovisual / livestream,TED,DNK,1,1,20.0
Proofreading / editing,TED,CZE,1,1,20.0
Low-code / no-code implementation,TED,IT,1,1,74.0
Brand identity / visual identity,TED,IN,1,1,82.0
Data cleaning / deduplication,TED,CHE,1,1,20.0
Presentation / template design,TED,DNK,1,1,82.0
Simple API / software integration,TED,MLT,1,1,74.0
AI chatbot / assistant,TED,LTU,1,1,60.0
Workflow automation / RPA,TED,SVK,1,1,74.0
Online survey setup,TED,LUX,1,1,82.0
Digital marketing / SEO / campaigns,TED,CZE,1,1,74.0
Office / presentation equipment supply,TED,SE,1,1,74.0
Workflow automation / RPA,TED,HU,1,1,20.0
Workflow automation / RPA,TED,GRC,1,1,20.0
AI chatbot / assistant,TED,MKD,1,1,74.0
Web hosting / domain / SSL,TED,LU,1,1,74.0
Web accessibility remediation,TED,SE,1,1,20.0
Graphic design / layout,TED,CH,1,1,82.0
Low-code / no-code implementation,TED,AT,1,1,60.0
Translation / localization,TED,ESP,1,1,20.0
CMS development / migration,TED,NOR,1,1,60.0
Online survey setup,TED,POL,1,1,74.0
Social media content production,TED,TUR,1,1,82.0
E-learning / training content,TED,CZE,1,1,20.0
Simple API / software integration,TED,ESP,1,1,82.0
Labels / stickers / QR materials,TED,ISL,1,1,20.0
Document digitization / scanning,TED,SK,1,1,92.0
Presentation / template design,TED,CHE,1,1,20.0
Social media content production,TED,LTU,1,1,82.0
Promotional merchandise / branded items,TED,ITA,1,1,20.0
Small IT equipment supply,TED,BG,1,1,20.0
Graphic design / layout,TED,MLT,1,1,82.0
Website maintenance / content updates,TED,MUS,1,1,82.0
Transcription / minutes,TED,LU,1,1,90.0
Signage / wayfinding / vinyl,TED,CZE,1,1,20.0
Document digitization / scanning,TED,FJI,1,1,92.0
Small IT equipment supply,TED,ZA,1,1,70.0
Small IT equipment supply,TED,TR,1,1,60.0
Simple API / software integration,TED,PRT,1,1,74.0
Office / presentation equipment supply,TED,CY,1,1,20.0
Simple API / software integration,TED,SK,1,1,20.0
Simple API / software integration,TED,GR,1,1,70.0
Digital marketing / SEO / campaigns,TED,GRC,1,1,20.0
Annual report / publication layout,TED,LTU,1,1,82.0
Transcription / minutes,TED,BG,1,1,90.0
CMS development / migration,TED,SE,1,1,20.0
Simple API / software integration,TED,LTU,1,1,74.0
Web hosting / domain / SSL,TED,CYP,1,1,74.0
Presentation / template design,France,France,1,1,74.0
Presentation / template design,Quebec,Canada - Quebec,1,1,82.0
Animation / motion design,United Kingdom,United Kingdom,1,1,15.0
Event audiovisual / livestream,United Kingdom,United Kingdom,1,1,80.0
Data entry / back-office processing,Germany,Germany,1,1,60.0
Subtitles / captions,TED,FIN,1,1,82.0
E-learning / training content,TED,AT,1,1,20.0
Presentation / template design,TED,BGR,1,1,20.0
Online forms / lightweight portals,TED,CH,1,1,20.0
Voice-over / narration / audio editing,TED,RO,1,1,82.0
Online forms / lightweight portals,TED,LT,1,1,20.0
Video editing / post-production,TED,POL,1,1,20.0
E-learning / training content,TED,FI,1,1,74.0
Digital marketing / SEO / campaigns,TED,NO,1,1,74.0
Document digitization / scanning,TED,GRD,1,1,92.0
Desk research / information collection,TED,DNK,1,1,82.0
Digital marketing / SEO / campaigns,TED,CZ,1,1,20.0
Simple API / software integration,TED,SRB,1,1,82.0
Annual report / publication layout,TenderNed,Netherlands,1,1,70.0
Signage / wayfinding / vinyl,TED,MT,1,1,82.0
Promotional merchandise / branded items,TED,HUN,1,1,82.0
Voice-over / narration / audio editing,TED,CZE,1,1,20.0
Online forms / lightweight portals,TED,CY,1,1,60.0
Transcription / minutes,TED,SRB,1,1,90.0
Event audiovisual / livestream,TED,SK,1,1,82.0
Simple API / software integration,TED,CYP,1,1,20.0
Video production,TED,NO,1,1,82.0
Data cleaning / deduplication,Canada federal,Canada,1,1,15.0
Small IT equipment supply,TED,PT,1,1,20.0
Copywriting / editorial content,TED,LKA,1,1,82.0
Online forms / lightweight portals,TED,SI,1,1,60.0
Workflow automation / RPA,TED,FI,1,1,60.0
Microsites / campaign landing pages,TED,CZ,1,1,66.0
Animation / motion design,TED,BG,1,1,82.0
Online forms / lightweight portals,TED,CZ,1,1,20.0
Website design / redesign,TED,HU,1,1,88.0
Video production,TED,FIN,1,1,82.0
Graphic design / layout,TED,GRC,1,1,82.0
Document digitization / scanning,TED,PHL,1,1,92.0
AI chatbot / assistant,TED,AT,1,1,60.0
Brochure / flyer / poster printing,TED,RE,1,1,20.0
Document digitization / scanning,TED,COG,1,1,92.0
Graphic design / layout,TED,PL,1,1,20.0
Website design / redesign,TED,PAK,1,1,88.0
Document digitization / scanning,TED,KE,1,1,92.0
Transcription / minutes,TED,MD,1,1,90.0
Workflow automation / RPA,TED,MLT,1,1,74.0
Website maintenance / content updates,TED,HUN,1,1,74.0
Social media content production,TED,CI,1,1,82.0
Microsites / campaign landing pages,TED,CZE,1,1,82.0
Animation / motion design,TED,BGR,1,1,82.0
Labels / stickers / QR materials,TED,AT,1,1,74.0
Labels / stickers / QR materials,TED,SWE,1,1,20.0
Digital marketing / SEO / campaigns,TED,AT,1,1,60.0
Brochure / flyer / poster printing,TED,SK,1,1,66.0
Website design / redesign,TED,IND,1,1,88.0
Interpretation services,TED,POL,1,1,20.0
Copywriting / editorial content,TED,SEN,1,1,20.0
Subtitles / captions,United Kingdom,United Kingdom,1,1,88.0
Event communication materials,Canada federal,Canada,1,1,80.0
Illustration / infographics,TED,ESP,1,1,74.0
Document digitization / scanning,TED,BA,1,1,92.0
Desk research / information collection,TED,CZE,1,1,60.0
Survey data processing / coding,Canada federal,Canada,1,1,15.0
Interpretation services,Canada federal,Canada,1,1,15.0
Brand identity / visual identity,TED,GR,1,1,60.0
Proofreading / editing,United Kingdom,United Kingdom,1,1,88.0
Document digitization / scanning,TED,ZAF,1,1,92.0
Annual report / publication layout,TED,CHE,1,1,20.0
Graphic design / layout,TED,ROU,1,1,82.0
Social media content production,TED,BG,1,1,20.0
CMS development / migration,TED,CZ,1,1,60.0
Newsletter / magazine production,TED,CZE,1,1,20.0
Microsites / campaign landing pages,United Kingdom,United Kingdom,1,1,15.0
Web accessibility remediation,TED,ROU,1,1,74.0
Desk research / information collection,TED,FIN,1,1,82.0
Online survey setup,Ireland,Ireland,1,1,72.0
Brand identity / visual identity,TED,CYP,1,1,82.0
Web accessibility remediation,TED,CZE,1,1,82.0
Small IT equipment supply,TED,ZAF,1,1,70.0
Online survey setup,France,France,1,1,82.0
Promotional merchandise / branded items,Quebec,Canada - Quebec,1,1,15.0
Office / presentation equipment supply,Quebec,Canada - Quebec,1,1,74.0
Low-code / no-code implementation,TED,ISL,1,1,74.0
Event audiovisual / livestream,TED,SVK,1,1,82.0
Copywriting / editorial content,TED,CH,1,1,20.0
Newsletter / magazine production,TED,NOR,1,1,82.0
Video editing / post-production,TED,PRT,1,1,82.0
Copywriting / editorial content,TED,SE,1,1,82.0
Document digitization / scanning,TED,MD,1,1,92.0
Small IT equipment supply,TED,SK,1,1,60.0
Website maintenance / content updates,TED,LU,1,1,60.0
Labels / stickers / QR materials,TED,LUX,1,1,92.0
Desk research / information collection,Canada federal,Canada,1,1,15.0
Event audiovisual / livestream,Canada federal,Canada,1,1,15.0
Annual report / publication layout,Canada federal,Canada,1,1,80.0
Survey data processing / coding,TED,LTU,1,1,70.0
Video production,TED,LUX,1,1,82.0
Voice-over / narration / audio editing,TED,LUX,1,1,82.0
Workflow automation / RPA,TED,CY,1,1,74.0
Microsites / campaign landing pages,TED,FIN,1,1,20.0
Promotional merchandise / branded items,TED,POL,1,1,20.0
Office / presentation equipment supply,TED,MT,1,1,20.0
Workflow automation / RPA,TED,ISL,1,1,74.0
Small IT equipment supply,TED,FJI,1,1,20.0
Data entry / back-office processing,TED,DNK,1,1,74.0
Online forms / lightweight portals,TED,FI,1,1,60.0
Newsletter / magazine production,TED,DNK,1,1,82.0
Illustration / infographics,TED,POL,1,1,60.0
Office / presentation equipment supply,TED,MKD,1,1,20.0
Subtitles / captions,TED,NOR,1,1,74.0
E-learning / training content,TED,HU,1,1,74.0
AI chatbot / assistant,TED,GRC,1,1,60.0
Online survey setup,TED,CHE,1,1,74.0
Workflow automation / RPA,Ireland,Ireland,1,1,72.0
Digital marketing / SEO / campaigns,TED,LUX,1,1,60.0
Workflow automation / RPA,TED,DNK,1,1,74.0
Animation / motion design,TED,ESP,1,1,82.0
Labels / stickers / QR materials,TED,DK,1,1,82.0
Copywriting / editorial content,TED,CZ,1,1,60.0
Workflow automation / RPA,TED,AT,1,1,60.0
Photography,TED,AUT,1,1,82.0
Video editing / post-production,TED,ESP,1,1,82.0
Graphic design / layout,TED,SVN,1,1,20.0
Social media content production,TED,CYP,1,1,20.0
Data cleaning / deduplication,TED,LUX,1,1,70.0
