Term,Title_Count
para,77164
travaux,60794
dostawa,54044
neubau,48173
servicio,44482
suministro,35396
sanierung,34807
maintenance,33530
servizio,28984
procedura,28766
eines,27785
acquisition,27294
aperta,27072
oraz,25897
entretien,25889
affidamento,24525
servicios,23346
della,22031
erweiterung,20519
construction,20410
fornitura,19973
einer,19815
centre,19766
transport,19508
installation,19322
ville,19032
pentru,19011
mantenimiento,18826
dell,18621
mise,18499
aquisição,17645
oeuvre,17216
wraz,16458
servizi,16187
support,15370
umbau,14938
gestion,14061
maîtrise,13915
stadt,13811
sistema,13809
aménagement,13594
réalisation,13497
livraison,13397
sprz,13331
system,13284
professionnels,13242
zakup,13140
erneuerung,13129
terenie,12657
rahmenvereinbarung,12530
mission,12530
contrato,12230
commune,12164
rahmenvertrag,12127
serviços,11893
remplacement,11773
odpadów,11651
achat,11599
nach,11218
management,11076
gara,11058
contratación,11044
contrat,10979
grundschule,10741
location,10574
gestión,10503
assistance,10223
réfection,10198
furnizare,10107
servicii,10023
comune,10020
software,9985
rénovation,9813
équipements,9797
vergebener,9703
accord-cadre,9631
bâtiments,9597
réhabilitation,9418
centro,9368
école,9339
ramach,9331
exploitation,9249
gminy,9196
agreement,9073
hospital,9017
wiadczenie,8995
site,8723
über,8661
marco,8641
plan,8609
delle,8572
gestione,8344
centros,8321
sensi,8092
works,7971
cych,7959
komunalnych,7888
installations,7886
système,7860
extension,7840
programme,7816
maitrise,7793
kita,7783
social,7767
projet,7749
europea,7715
parc,7670
territoire,7617
care,7604
espaces,7582
material,7567
bâtiment,7464
obras,7442
manutenzione,7419
nettoyage,7413
oddzia,7405
potrzeby,7331
municipal,7313
seguridad,7306
sécurité,7281
restauration,7255
materia,7210
phase,7182
straße,7180
réseau,7132
inkl,7045
instalaciones,7043
technique,7035
quadro,7032
dostawy,6984
traitement,6941
nord,6865
control,6823
renouvellement,6780
limpieza,6779
errichtung,6597
ayuntamiento,6596
ouvrage,6571
medycznych,6559
proyecto,6555
roku,6517
relance,6461
degli,6452
pirkimas,6432
technische,6414
anlagen,6389
acuerdo,6371
paslaugos,6346
gemeinde,6301
systemu,6297
transporte,6289
zakresie,6266
véhicules,6255
lavori,6254
création,6204
sowie,6197
assurance,6133
produits,6093
cadrul,6074
school,6063
lotes,6056
echipamente,6046
zagospodarowanie,6020
commande,6009
vergabe,5994
trockenbauarbeiten,5942
appalto,5921
haus,5916
equipment,5914
asistencia,5905
accordo,5899
sites,5893
pieg,5885
instalación,5868
national,5864
lotti,5802
potable,5789
health,5785
gebäude,5784
eaux,5777
lotto,5776
szpitala,5774
medycznego,5759
técnica,5756
montage,5724
divers,5702
protection,5696
salud,5694
produktów,5692
locaux,5680
réparation,5665
scolaire,5653
wartung,5651
przez,5643
materiale,5618
telematica,5616
assainissement,5612
project,5603
odbiór,5600
integral,5600
campus,5577
general,5557
accompagnement,5553
trasporto,5531
ausbau,5522
place,5511
digital,5500
público,5494
instandsetzung,5467
collecte,5433
centrum,5420
anas,5406
incendie,5377
mediante,5366
dodávka,5325
hoai,5258
dodávky,5230
réseaux,5224
contrôle,5217
planungsleistungen,5200
matériels,5196
landkreis,5192
projektu,5177
département,5160
nieruchomo,5157
ersatzneubau,5116
projekt,5074
malerarbeiten,5072
gemäß,5063
information,5055
delivery,5046
ausrüstung,5035
sistemas,5021
quot,4982
mobilier,4978
madrid,4978
déchets,4975
schule,4948
wykonanie,4936
local,4908
station,4857
tischlerarbeiten,4844
solution,4840
formation,4836
assurances,4835
ejecución,4814
objektplanung,4809
communes,4797
wyposa,4791
réaménagement,4769
presso,4756
bons,4743
cadru,4703
proiectului,4700
feuerwehr,4683
rifiuti,4682
zakresu,4646
dirección,4641
besoins,4629
relatif,4625
ausschreibung,4621
periodo,4620
communauté,4617
energii,4616
acord,4611
lote,4595
alla,4586
zadania,4577
conception,4575
metallbauarbeiten,4565
przy,4554
equipos,4554
consultation,4553
adquisición,4482
sporthalle,4448
objet,4445
bereich,4437
design,4416
budowa,4396
planung,4393
anni,4393
municipales,4340
publics,4332
hankinta,4321
post,4318
modernisierung,4255
beszerzése,4249
leczniczych,4241
wykonywanie,4221
wyrobów,4219
surveillance,4212
deux,4204
development,4170
desarrollo,4167
voirie,4151
terenu,4126
enie,4117
miasta,4116
paris,4112
progettazione,4082
secteur,4074
civil,4047
salle,4042
training,4037
rohbauarbeiten,4028
verts,4027
systèmes,4007
entre,4005
council,4003
saint,4002
udbud,3977
pose,3977
edificios,3953
bodenbelagsarbeiten,3949
mobile,3948
santé,3917
utrzymanie,3891
consultancy,3891
impianti,3880
étude,3879
gospodarki,3854
uvre,3848
production,3822
restructuration,3818
ingénierie,3811
elektrycznej,3798
mesi,3794
schulen,3789
destino,3777
durchführung,3758
suite,3756
microsoft,3754
fornecimento,3752
soporte,3736
vehículos,3725
berlin,3696
fachplanung,3691
nadle,3690
universitario,3680
data,3649
nictwa,3630
raccolta,3617
atención,3583
realizzazione,3581
west,3579
missions,3575
route,3573
concession,3571
techniques,3554
gmbh,3531
maison,3527
systems,3524
generalsanierung,3516
zwei,3513
cego,3507
enia,3501
matériel,3498
ouvrages,3492
dzier,3491
prie,3486
systém,3481
groupe,3475
zarz,3461
fenster,3454
ramavtal,3446
hospitalier,3443
opération,3437
barcelona,3424
community,3422
accueil,3414
digitale,3412
park,3409
pièces,3409
redacción,3398
dróg,3387
tragwerksplanung,3385
déneigement,3381
fase,3380
region,3376
grand,3376
leków,3372
elektroarbeiten,3364
equipamiento,3339
licences,3337
repas,3337
québec,3333
erstellung,3311
disposition,3308
estricharbeiten,3308
außenanlagen,3303
como,3283
odczynników,3281
replacement,3280
relative,3278
rathaus,3274
fliesenarbeiten,3274
conseil,3273
gemeente,3267
provincia,3257
groupement,3257
jednostek,3257
prestación,3211
ausstattung,3208
ventilation,3206
austausch,3204
dostaw,3197
achizi,3180
pnrr,3165
monta,3165
kauf,3164
travail,3163
architecture,3163
personal,3160
transportu,3153
dokumentacji,3153
medical,3147
chauffage,3144
base,3141
concurso,3136
progetto,3135
security,3133
heizung,3127
innentüren,3122
area,3077
send,3077
suivi,3072
éclairage,3071
jednorazowego,3070
cleaning,3069
obra,3064
onderhoud,3057
accessoires,3057
education,3045
communaux,3039
reconstruction,3036
exécution,3031
métropole,3028
sans,3021
rahmen,3015
ízení,3015
gymnasium,3006
podzia,3005
standort,2997
wiadcze,2990
call,2988
unit,2987
distribution,2981
construcción,2968
ensemble,2961
électrique,2960
schlosserarbeiten,2959
centrale,2942
patrimoine,2941
jude,2927
monitoring,2923
teil,2922
transformación,2908
conservación,2908
plataforma,2908
études,2904
pública,2903
agents,2902
sanitär,2902
central,2896
building,2890
assistenza,2888
herstellung,2887
scolaires,2886
hardware,2885
office,2881
appel,2876
betrieb,2873
type,2871
agglomération,2869
prin,2867
catering,2865
scheme,2860
vigilancia,2859
organisation,2857
kindertagesstätte,2850
apoyo,2829
port,2822
lose,2798
sociale,2795
residuos,2790
matériaux,2788
landschaftsbauarbeiten,2778
zaji,2775
zamieszka,2774
électriques,2769
bois,2762
área,2755
cijas,2752
prestação,2746
logements,2745
programa,2745
durata,2737
loturi,2729
demande,2715
associées,2712
water,2711
accès,2702
recuperación,2698
rozbudowa,2690
région,2683
inspection,2682
montréal,2676
nákup,2673
établissements,2670
waste,2670
freianlagen,2669
bonn,2669
miesi,2665
modernizacja,2665
coordination,2660
fire,2659
sistem,2658
collège,2652
logiciel,2651
dobava,2648
publicznego,2646
sukcesywne,2646
lucr,2630
nabava,2623
sukcesywna,2622
till,2621
información,2620
alimentaires,2618
ccas,2616
gewerk,2615
associated,2608
dzia,2606
zubehör,2603
meals,2602
sicurezza,2601
rodków,2600
notice,2600
housing,2597
realización,2592
elektroinstallation,2585
energie,2584
izstr,2583
request,2579
sistemi,2575
compte,2574
entsorgung,2574
skiego,2565
county,2564
diagnostic,2563
potrzeb,2562
toiture,2555
audit,2555
puesta,2550
année,2545
utrzymania,2542
communication,2537
vald,2536
infrastruktury,2533
kläranlage,2532
développement,2531
risques,2530
feuerwehrgerätehaus,2529
reinigung,2527
sanitaria,2522
analyse,2522
territorio,2510
ytku,2500
opera,2496
engagement,2491
usées,2489
financiado,2488
produse,2485
equipamentos,2484
présent,2483
upgrade,2480
énergétique,2472
leasing,2467
edificio,2467
infrastructure,2467
halle,2464
elektro,2462
uniwersytetu,2455
niveau,2455
lizenzen,2455
esecuzione,2454
manutenção,2454
opieki,2453
soutien,2451
energetische,2451
medicamente,2450
okresie,2447
mensa,2446
hébergement,2443
einem,2437
dotarea,2434
instituto,2427
bauleistungen,2421
opracowanie,2420
direction,2419
espace,2417
abbruch,2414
dependientes,2411
budynku,2408
sieci,2404
quartier,2403
transports,2398
avenue,2398
zona,2394
recogida,2388
laboratoire,2385
personas,2384
personnel,2382
anbau,2378
chemin,2378
concessione,2374
road,2370
dispositifs,2362
abschluss,2362
sanitaire,2360
consommables,2355
paslaug,2355
obiektów,2354
lüftung,2353
rámcová,2352
infrastructures,2351
oprogramowania,2351
gebäudeautomation,2350
agencia,2350
diverses,2342
diverse,2340
plus,2337
land,2329
ambito,2327
liaison,2327
business,2325
udzielanie,2323
zdrowotnych,2315
rehabilitation,2312
udzielenie,2310
etude,2306
tiefbauarbeiten,2304
équipement,2303
klinikum,2300
platform,2298
odzi,2296
abbrucharbeiten,2295
personnes,2294
comunidad,2293
medicale,2285
czysto,2281
novada,2279
marktconsultatie,2275
university,2272
université,2272
gerüstbauarbeiten,2267
city,2267
bada,2265
dohoda,2261
plateforme,2259
provincial,2259
ertüchtigung,2258
comunale,2253
vajadz,2252
restaurant,2250
concours,2250
resiliencia,2248
energia,2246
alta,2244
stadtgebiet,2242
typu,2242
recupero,2232
grupy,2223
alle,2215
primary,2213
proyectos,2213
nacional,2211
électricité,2208
dienstleistungen,2198
unión,2197
cicieli,2196
achizitie,2196
commandes,2195
hier,2188
nouveau,2187
elektrotechnik,2183
unterhaltsreinigung,2179
départemental,2176
remonto,2174
projekto,2171
wroc,2168
activités,2164
pojazdów,2159
préventive,2157
modernisation,2155
bauabschnitt,2155
prüfung,2154
transformation,2152
démolition,2148
open,2147
associés,2147
drogi,2145
cuisine,2144
requalification,2141
municipio,2133
terrain,2131
enterprise,2128
proiectare,2128
saúde,2127
realizacji,2122
présente,2121
aparatury,2116
upphandling,2116
house,2115
jeux,2114
wojewódzkiego,2105
hôpital,2104
suddivisa,2103
profit,2103
ochrony,2102
medicamentos,2100
nouvelle,2099
maler-,2097
home,2091
umsetzung,2089
pôle,2089
turnhalle,2086
fassade,2086
rues,2080
pont,2075
rückbau,2074
marchés,2060
infrastruktur,2060
winterdienst,2058
routes,2057
sector,2049
loisirs,2048
amenagement,2048
powanie,2046
administración,2044
vehicle,2043
mejora,2043
kompleksowa,2041
unterhalts-,2038
basado,2036
vzdr,2034
türen,2033
âmbito,2032
warszawie,2030
refurbishment,2027
police,2026
licencias,2026
aménagements,2026
plans,2022
signalisation,2018
podziale,2016
arrondissement,2015
zone,2014
baumeisterarbeiten,2012
renovation,2011
solutions,2006
electrical,2004
okres,2004
camion,2002
renovación,1997
intervento,1996
universität,1990
under,1981
pracowni,1978
unité,1976
wien,1973
técnico,1967
sede,1962
cloud,1961
structure,1955
sist,1953
projets,1952
implantación,1948
abschnitt,1948
délégation,1947
network,1945
instytutu,1942
collectif,1937
actividades,1935
schulzentrum,1935
execu,1934
annexes,1927
investi,1927
bureau,1923
sportif,1923
trockenbau,1921
valorisation,1921
engineering,1919
urbani,1918
vybavení,1916
atviras,1916
wdro,1915
ciudad,1911
rangos,1911
main,1909
domaine,1905
cluster,1904
technical,1903
aire,1901
köln,1901
priemon,1898
productos,1898
etap,1897
agua,1895
nodro,1894
climatisation,1893
urbain,1893
dependencias,1890
pavillon,1887
écoles,1887
france,1886
portes,1884
universidad,1882
ainsi,1882
noleggio,1878
north,1877
épuration,1876
autres,1871
laboratorio,1870
ordinaria,1866
instandhaltung,1865
mandat,1864
equipements,1864
storage,1862
parking,1862
coordinación,1860
opérations,1859
losen,1858
froide,1857
global,1857
impianto,1856
umowy,1856
municipiul,1850
performance,1845
acord-cadru,1844
programu,1842
opreme,1840
energía,1838
amélioration,1833
latach,1831
ámbito,1830
durante,1830
animation,1829
nell,1827
gardiennage,1827
eniem,1826
ilor,1824
verwertung,1823
entente,1821
interventi,1820
supporto,1820
portant,1818
comuni,1816
licence,1815
ouest,1812
ligne,1812
esecutiva,1811
münster,1811
municipaux,1809
testing,1802
ecole,1801
empreitada,1800
energy,1800
projektowej,1799
protección,1798
nadzoru,1797
formación,1796
einbau,1794
next,1793
ausführung,1792
erd-,1790
center,1790
regional,1786
santa,1784
repair,1784
cour,1784
porte,1783
ostmine,1783
sécurisation,1781
explotación,1778
sistemos,1777
integrated,1775
autobus,1775
consumabile,1775
sanitaires,1772
autoruzraudz,1769
pulizia,1769
children,1767
strecke,1765
medycznej,1764
raamovereenkomst,1762
datos,1761
neufs,1759
stade,1759
internacional,1755
favore,1754
dachdeckerarbeiten,1753
scolastico,1749
college,1748
routier,1748
tipo,1748
gebäudereinigung,1742
etapa,1742
sols,1740
aufbau,1731
stations,1729
públicos,1728
erweiterungsbau,1728
zespo,1727
diputación,1726
generation,1725
samt,1725
repairs,1723
comma,1721
enfance,1719
ania,1719
server,1718
specialist,1717
products,1716
unico,1714
media,1714
münchen,1713
instalacji,1712
south,1711
mécanique,1706
straßenbauarbeiten,1705
lycée,1704
iest,1703
scolastica,1702
zamówienia,1702
kredytu,1699
work,1698
gestão,1698
vêtements,1697
equipamento,1697
rohbau,1696
urbaine,1693
specjalistycznego,1692
boulevard,1691
accoglienza,1690
arrendamiento,1690
ních,1690
anai,1689
élaboration,1687
research,1684
urbana,1684
erschließung,1683
województwa,1680
relativi,1679
reactivi,1678
centres,1678
test,1676
oder,1676
rekonstrukce,1675
stationnement,1674
offres,1671
secours,1671
evanje,1671
anlage,1669
cours,1669
komputerowego,1667
génie,1664
accommodation,1663
access,1662
verlängerung,1661
pv-anlage,1660
schreinerarbeiten,1659
structures,1659
przebudowa,1659
seguro,1658
leipzig,1658
dynamický,1658
planungsleistung,1657
systemów,1656
tehnic,1654
désamiantage,1652
nákupní,1649
batiments,1647
stück,1646
liegenschaften,1644
ingenieurleistungen,1644
baustelleneinrichtung,1644
tratamiento,1643
places,1640
otros,1640
oracle,1639
données,1638
poste,1637
onkologii,1637
electric,1636
krakowie,1635
informatique,1633
bereitstellung,1629
résidence,1629
eléctrica,1629
mobiliers,1629
